-- MySQL dump 10.13  Distrib 5.6.19, for debian-linux-gnu (x86_64)
--
-- Host: localhost    Database: trupe_dev
-- ------------------------------------------------------
-- Server version	5.6.19-1~exp1ubuntu2

/*!40101 SET @OLD_CHARACTER_SET_CLIENT=@@CHARACTER_SET_CLIENT */;
/*!40101 SET @OLD_CHARACTER_SET_RESULTS=@@CHARACTER_SET_RESULTS */;
/*!40101 SET @OLD_COLLATION_CONNECTION=@@COLLATION_CONNECTION */;
/*!40101 SET NAMES utf8 */;
/*!40103 SET @OLD_TIME_ZONE=@@TIME_ZONE */;
/*!40103 SET TIME_ZONE='+00:00' */;
/*!40014 SET @OLD_UNIQUE_CHECKS=@@UNIQUE_CHECKS, UNIQUE_CHECKS=0 */;
/*!40014 SET @OLD_FOREIGN_KEY_CHECKS=@@FOREIGN_KEY_CHECKS, FOREIGN_KEY_CHECKS=0 */;
/*!40101 SET @OLD_SQL_MODE=@@SQL_MODE, SQL_MODE='NO_AUTO_VALUE_ON_ZERO' */;
/*!40111 SET @OLD_SQL_NOTES=@@SQL_NOTES, SQL_NOTES=0 */;

--
-- Table structure for table `apresentacao`
--

DROP TABLE IF EXISTS `apresentacao`;
/*!40101 SET @saved_cs_client     = @@character_set_client */;
/*!40101 SET character_set_client = utf8 */;
CREATE TABLE `apresentacao` (
  `id` int(10) unsigned NOT NULL AUTO_INCREMENT,
  `clientes_id` int(11) NOT NULL,
  `capa` varchar(255) COLLATE utf8_unicode_ci NOT NULL,
  `titulo` varchar(255) COLLATE utf8_unicode_ci NOT NULL,
  `slug` varchar(255) COLLATE utf8_unicode_ci NOT NULL,
  `olho` text COLLATE utf8_unicode_ci NOT NULL,
  `texto` text COLLATE utf8_unicode_ci NOT NULL,
  `link` varchar(255) COLLATE utf8_unicode_ci NOT NULL,
  `reel` varchar(255) COLLATE utf8_unicode_ci NOT NULL,
  `created_at` timestamp NOT NULL DEFAULT '0000-00-00 00:00:00',
  `updated_at` timestamp NOT NULL DEFAULT '0000-00-00 00:00:00',
  PRIMARY KEY (`id`)
) ENGINE=InnoDB AUTO_INCREMENT=48 DEFAULT CHARSET=utf8 COLLATE=utf8_unicode_ci;
/*!40101 SET character_set_client = @saved_cs_client */;

--
-- Dumping data for table `apresentacao`
--

LOCK TABLES `apresentacao` WRITE;
/*!40000 ALTER TABLE `apresentacao` DISABLE KEYS */;
INSERT INTO `apresentacao` VALUES (3,2,'20150121154702capa-seq.png','Sequencial Escola Técnica','sequencial-escola-tecnica','<p>A Trupe cuida de toda a comunica&ccedil;&atilde;o da Sequencial;</p>\r\n\r\n<ul>\r\n	<li>Cria&ccedil;&atilde;o de marca</li>\r\n	<li>Papelaria</li>\r\n	<li>Impressos</li>\r\n	<li>M&iacute;dias Sociais</li>\r\n	<li>Websites</li>\r\n	<li>Sistemas e Intranet</li>\r\n</ul>\r\n','<p>A Trupe cuida de toda a comunica&ccedil;&atilde;o da Sequencial;</p>\r\n\r\n<ul>\r\n	<li>Cria&ccedil;&atilde;o de marca</li>\r\n	<li>Papelaria</li>\r\n	<li>Impressos</li>\r\n	<li>M&iacute;dias Sociais</li>\r\n	<li>Websites</li>\r\n	<li>Sistemas e Intranet</li>\r\n</ul>\r\n','http://www.sequencialctp.com.br','','2015-01-08 14:48:15','2015-01-27 14:48:31'),(4,3,'20150122175523capa-jandaia.png','Cadernos Jandaia','cadernos-jandaia','<p>A equipe da Trupe &eacute; respons&aacute;vel por toda a comunica&ccedil;&atilde;o digital dos cadernos Jandaia, desenvolvemos e cuidamos dos websites, hotsites promocionais, banners para campanhas e muito mais!</p>\r\n','<p>A equipe da Trupe &eacute; respons&aacute;vel por toda a comunica&ccedil;&atilde;o digital dos cadernos Jandaia, desenvolvemos e cuidamos dos websites, hotsites promocionais, banners para campanhas e muito mais!</p>\r\n','www.cadernosjandaia.com.br','','2015-01-09 19:57:12','2015-01-27 14:22:41'),(5,5,'20150120114925ipade.jpg','IPADE','ipade','<p>A Trupe foi respons&aacute;vel pela reformula&ccedil;&atilde;o da identidade visual do IPADE</p>\r\n\r\n<ul>\r\n	<li>Reformula&ccedil;&atilde;o da marca</li>\r\n	<li>Papelaria</li>\r\n	<li>Impressos</li>\r\n	<li>Website</li>\r\n	<li>Hotsite</li>\r\n</ul>\r\n','<p>A Trupe foi respons&aacute;vel pela reformula&ccedil;&atilde;o da identidade visual do IPADE</p>\r\n\r\n<ul>\r\n	<li>Reformula&ccedil;&atilde;o da marca</li>\r\n	<li>Papelaria</li>\r\n	<li>Impressos</li>\r\n	<li>Website</li>\r\n	<li>Hotsite</li>\r\n</ul>\r\n','www.ipade.org.br','','2015-01-09 21:15:29','2015-01-27 15:04:46'),(6,23,'20150121145347capa-mackey2.png','Mackey','mackey','<p>A Trupe reformulou toda a comunica&ccedil;&atilde;o da Mackey.</p>\r\n\r\n<ul>\r\n	<li>Impressos</li>\r\n	<li>Papelaria</li>\r\n	<li>Sinaliza&ccedil;&atilde;o interna</li>\r\n	<li>Website com vers&atilde;o mobile</li>\r\n	<li>An&uacute;ncios para revistas</li>\r\n	<li>E-mail marketing</li>\r\n</ul>\r\n','<p>A Trupe reformulou toda a comunica&ccedil;&atilde;o da Mackey.</p>\r\n\r\n<ul>\r\n	<li>Impressos</li>\r\n	<li>Papelaria</li>\r\n	<li>Sinaliza&ccedil;&atilde;o interna</li>\r\n	<li>Website com vers&atilde;o mobile</li>\r\n	<li>An&uacute;ncios para revistas</li>\r\n	<li>E-mail marketing</li>\r\n</ul>\r\n','www.mackey.com.br','','2015-01-19 20:36:38','2015-01-27 14:56:58'),(7,11,'20150127122323banner-home-amanco.png','Amanco','amanco','','<p>A Trupe foi respons&aacute;vel por reformular a apresenta&ccedil;&atilde;o institucional AMANCO</p>\r\n','','','2015-01-19 20:53:15','2015-01-27 14:23:23'),(8,10,'20150127122401capa-bidim.png','Bidim','bidim','<p>A Trupe desenvolveu o novo website da BIDIM, um site responsivo, que se ajusta a diversas resolu&ccedil;&otilde;es de tela, moderno, f&aacute;cil de navegar e com gerenciamento de conte&uacute;do completo.&nbsp;</p>\r\n','<p>A Trupe desenvolveu o novo website da BIDIM, um site moderno, f&aacute;cil de navegar e com gerenciamento de conte&uacute;do completo.</p>\r\n','www.bidim.com.br','','2015-01-19 20:58:15','2015-01-27 14:24:33'),(9,13,'20150127130320capa-deboraagu.png','Debora Aguiar','debora-aguiar','<p>Desenvolvimento de website com design responsivo, site atual e moderno + gerenciamento de conte&uacute;do.</p>\r\n','<p>Desenvolvimento de website com design responsivo, site atual e moderno + gerenciamento de conte&uacute;do.</p>\r\n','www.deboraaguiar.com.br','','2015-01-19 21:04:39','2015-01-27 15:03:20'),(10,24,'20150121195509capa-roberto.png','Roberto Migotto','roberto-migotto','<p>Desenvolvimento de website com gerenciamento de conte&uacute;do.</p>\r\n','<p>Desenvolvimento de website com gerenciamento de conte&uacute;do.</p>\r\n','www.robertomigotto.com.br','','2015-01-19 21:09:30','2015-01-21 21:55:09'),(11,19,'20150127123431capa-mexichem.jpg','Mexichem','mexichem','<p>A Trupe desenvolve diversos projetos para a Mexichem, como sites institucionais, apresenta&ccedil;&otilde;es digitais, sistemas e intranet.</p>\r\n','<p>A Trupe desenvolve diversos projetos para a Mexichem, como sites institucionais, apresenta&ccedil;&otilde;es digitais, sistemas e intranet.</p>\r\n','','','2015-01-19 21:13:14','2015-01-27 14:34:31'),(12,25,'20150126184117capa-bbq.png','BBQ Chicken','bbq-chicken','<p>Desenvolvemos o website da Franquia BBQ Chicken no Brasil.</p>\r\n','<p>Desenvolvemos o website da Franquia BBQ Chicken no Brasil.</p>\r\n','http://www.bbqchicken.com.br','','2015-01-19 21:26:59','2015-01-26 20:41:18'),(13,26,'20150120114750banner.jpg','Meta Executivos','meta-executivos','<p>A Trupe cuida de toda a comunica&ccedil;&atilde;o da Meta Executivos:</p>\r\n\r\n<ul>\r\n	<li>Website</li>\r\n	<li>Impresso</li>\r\n	<li>Identidade visual</li>\r\n	<li>Promocionais</li>\r\n	<li>Midias sociais</li>\r\n</ul>\r\n','<p>A Trupe cuida de toda a comunica&ccedil;&atilde;o da Meta Executivos:</p>\r\n\r\n<ul>\r\n	<li>Website</li>\r\n	<li>Impresso</li>\r\n	<li>Identidade visual</li>\r\n	<li>Promocionais</li>\r\n	<li>Midias sociais</li>\r\n</ul>\r\n','www.metaexecutivos.com.br','','2015-01-20 13:43:35','2015-01-27 15:16:07'),(14,27,'20150120124955banner.jpg','Meta News','meta-news','<p>Cria&ccedil;&atilde;o de um canal de not&iacute;cias para o grupo Meta RH.</p>\r\n','<p>Cria&ccedil;&atilde;o de um canal de not&iacute;cias para o grupo Meta RH.</p>\r\n','http://www.metanews.com.br','','2015-01-20 14:49:55','2015-01-20 14:49:55'),(15,28,'20150121132642capa.png','A Nossa Cozinha','a-nossa-cozinha','<p>A Trupe &eacute; respons&aacute;vel por toda a comunica&ccedil;&atilde;o digital.</p>\r\n\r\n<ul>\r\n	<li>Website</li>\r\n	<li>Loja virtual</li>\r\n</ul>\r\n','<p>A Trupe &eacute; respons&aacute;vel por toda a comunica&ccedil;&atilde;o digital.</p>\r\n\r\n<ul>\r\n	<li>Website</li>\r\n	<li>Loja virtual</li>\r\n</ul>\r\n','www.anossacozinha.com.br','','2015-01-21 15:01:26','2015-01-27 15:17:20'),(16,6,'20150121185759capa-gm.png','Grupo Meta RH','grupo-meta-rh','<p>A Trupe &eacute; respons&aacute;vel desde 2012 por toda a comunica&ccedil;&atilde;o do Grupo Meta RH, incluindos as empresas Meta BPO, Meta Executivos e Meta Talentos.</p>\r\n\r\n<ul>\r\n	<li>Cria&ccedil;&atilde;o de marcas</li>\r\n	<li>Papelaria</li>\r\n	<li>Sinaliza&ccedil;&atilde;o</li>\r\n	<li>Impressos</li>\r\n	<li>M&iacute;dias sociais</li>\r\n	<li>Websites e sistemas</li>\r\n</ul>\r\n','<p>A Trupe &eacute; respons&aacute;vel desde 2012 por toda a comunica&ccedil;&atilde;o do Grupo Meta RH, incluindos as empresas Meta BPO, Meta Executivos e Meta Talentos.</p>\r\n\r\n<ul>\r\n	<li>Cria&ccedil;&atilde;o de marcas</li>\r\n	<li>Papelaria</li>\r\n	<li>Sinaliza&ccedil;&atilde;o</li>\r\n	<li>Impressos</li>\r\n	<li>M&iacute;dias sociais</li>\r\n	<li>Websites e sistemas</li>\r\n</ul>\r\n','www.grupometarh.com.br','','2015-01-21 20:57:59','2015-01-27 14:51:50'),(17,22,'20150121190549capa-arycom.png','Arycom','arycom','<p>A Trupe foi desenvolveu um novo site para a Arycom.</p>\r\n','<p>A Trupe foi desenvolveu um novo site para a Arycom.</p>\r\n','www.arycom.com.br','','2015-01-21 21:05:49','2015-01-27 15:14:55'),(18,17,'20150121193958teste.png','teste','teste','','','','','2015-01-21 21:39:58','2015-01-21 21:39:58'),(19,1,'20150122124522capa-meta.png','Meta BPO','meta-bpo','<p>A Trupe cuida de toda a comunica&ccedil;&atilde;o da Meta BPO;</p>\r\n\r\n<ul>\r\n	<li>Cria&ccedil;&atilde;o de marca</li>\r\n	<li>Papelaria</li>\r\n	<li>Impressos</li>\r\n	<li>M&iacute;dias Sociais</li>\r\n	<li>Websites</li>\r\n</ul>\r\n','<p>A Trupe cuida de toda a comunica&ccedil;&atilde;o da Meta BPO;</p>\r\n\r\n<ul>\r\n	<li>Cria&ccedil;&atilde;o de marca</li>\r\n	<li>Papelaria</li>\r\n	<li>Impressos</li>\r\n	<li>M&iacute;dias Sociais</li>\r\n	<li>Websites</li>\r\n</ul>\r\n','www.metabpo.com.br','','2015-01-22 14:45:22','2015-01-27 14:49:54'),(20,16,'20150122150142iph-capa.png','IPH','iph','<p>A Trupe foi respons&aacute;vel pela reformula&ccedil;&atilde;o da identidade visual do IPH:</p>\r\n\r\n<ul>\r\n	<li>Reformula&ccedil;&atilde;o de marca</li>\r\n	<li>Papelaria</li>\r\n	<li>Website</li>\r\n</ul>\r\n','<p>A Trupe foi respons&aacute;vel pela reformula&ccedil;&atilde;o da identidade visual do IPH:</p>\r\n\r\n<ul>\r\n	<li>Reformula&ccedil;&atilde;o de marca</li>\r\n	<li>Papelaria</li>\r\n	<li>Website</li>\r\n</ul>\r\n','www.iph.org.br','','2015-01-22 17:01:43','2015-01-27 15:08:41'),(21,12,'20150122150629capa-objetivo.png','Colégio Objetivo','colegio-objetivo','<p>A Trupe foi respons&aacute;vel pelo desenvolvimento do website do Col&eacute;gio Objetivo Sa&uacute;de.</p>\r\n','<p>A Trupe foi respons&aacute;vel pelo desenvolvimento do website do Col&eacute;gio Objetivo Sa&uacute;de.</p>\r\n','http://www.objetivosaude.com.br','','2015-01-22 17:06:29','2015-01-27 14:52:44'),(22,15,'20150122165512capa-hydros.png','Projeto Hydros','projeto-hydros','<p>A Trupe foi respons&aacute;vel pela cria&ccedil;&atilde;o do novo site do Projeto Hydros, um projeto internacional, com foco na &aacute;gua. Criamos um site moderno e atual, com gerenciamento de conte&uacute;do.</p>\r\n','<p>A Trupe desenvolveu o novo site da &Eacute;rea.</p>\r\n','www.projetohydros.com','','2015-01-22 18:55:12','2015-01-27 15:07:55'),(23,20,'20150122171118capa-olea.png','Studio Olea','studio-olea','<p>A Trupe foi respons&aacute;vel pela cria&ccedil;&atilde;o do website Studio Ol&eacute;a.</p>\r\n','<p>A Trupe foi respons&aacute;vel pela cria&ccedil;&atilde;o do website Studio Ol&eacute;a.</p>\r\n','http://www.studio-olea.com.br','','2015-01-22 19:11:18','2015-01-27 15:09:04'),(24,21,'20150122181357capa-sout.png','Southpartner','southpartner','<p>A Trupe foi respons&aacute;vel pela reformula&ccedil;&atilde;o da identidade visual da Southpartner</p>\r\n\r\n<ul>\r\n	<li>Reformula&ccedil;&atilde;o de marca</li>\r\n	<li>papelaria</li>\r\n	<li>Apresenta&ccedil;&atilde;o institucional</li>\r\n	<li>Website</li>\r\n</ul>\r\n','<p>A Trupe foi respons&aacute;vel pela reformula&ccedil;&atilde;o da identidade visual da Southpartner</p>\r\n\r\n<ul>\r\n	<li>Reformula&ccedil;&atilde;o de marca</li>\r\n	<li>papelaria</li>\r\n	<li>Apresenta&ccedil;&atilde;o institucional</li>\r\n	<li>Website</li>\r\n</ul>\r\n','www.southpartner.com','','2015-01-22 20:13:57','2015-01-27 15:11:08'),(25,9,'20150123133410capa-titina.png','Titina Leão','titina-leao','<p>A Trupe desenvolveu o novo site Titina Le&atilde;o Festas, com design responsivo que se ajusta a diferentes resolu&ccedil;&otilde;es de tela + gerenciamento de conte&uacute;do.</p>\r\n','<p>A Trupe desenvolveu o novo site Titina Le&atilde;o Festas, com design responsivo que se ajusta a diferentes resolu&ccedil;&otilde;es de tela + gerenciamento de conte&uacute;do.</p>\r\n','www.titinaleaofestas.com.br','','2015-01-23 15:32:25','2015-01-27 15:06:32'),(26,18,'20150123133749img1.png','Plastubos','plastubos','<p>A Trupe foi respons&aacute;vel pelo desenvolvimento da apresenta&ccedil;&atilde;o institucional</p>\r\n','<p>A Trupe foi respons&aacute;vel pelo desenvolvimento da apresenta&ccedil;&atilde;o institucional</p>\r\n','','','2015-01-23 15:37:50','2015-01-27 14:51:02'),(27,29,'20150123135541capa-pieron.png','Instituto Pieron','instituto-pieron','<p>A Trupe foi respons&aacute;vel pela cria&ccedil;&atilde;o do novo website do Instituto Pieron. Um site din&acirc;mico, com design responsivo que se ajusta a diversas resolu&ccedil;&otilde;es de tela, e gerenciamento de conte&uacute;do.</p>\r\n','<p>A Trupe foi respons&aacute;vel pela cria&ccedil;&atilde;o do novo website do Instituto Pieron. Um site din&acirc;mico, com design responsivo que se ajusta a diversas resolu&ccedil;&otilde;es de tela, e gerenciamento de conte&uacute;do.</p>\r\n','www.pieron.com.br','','2015-01-23 15:55:41','2015-01-27 14:54:37'),(28,30,'20150123143242marca-max.jpg','Maximiliano Crovato','maximiliano-crovato','<p>Cria&ccedil;&atilde;o de marca</p>\r\n','<p>Cria&ccedil;&atilde;o de marca</p>\r\n','','','2015-01-23 16:32:42','2015-01-23 16:33:14'),(29,31,'20150123144213capa-led.png','Led Móveis','led-moveis','<p>A Trupe foi respons&aacute;vel pela cria&ccedil;&atilde;o do novo site Led M&oacute;veis.</p>\r\n','<p>A Trupe foi respons&aacute;vel pela cria&ccedil;&atilde;o do novo site Led M&oacute;veis.</p>\r\n','www.ledmoveis.com.br','','2015-01-23 16:42:13','2015-01-27 15:05:33'),(30,32,'20150123151342marca-capital.jpg','Capital Ativo','capital-ativo','<p>A Trupe foi respons&aacute;vel pela cria&ccedil;&atilde;o da marca Capital Ativo.</p>\r\n','<p>A Trupe foi respons&aacute;vel pela cria&ccedil;&atilde;o da marca Capital Ativo.</p>\r\n','','','2015-01-23 17:13:43','2015-01-27 15:18:10'),(31,34,'20150123153009capa-bamboo.png','Bamboole','bamboole','<p>A Trupe foi respons&aacute;vel pela identidade visual, e toda a comunica&ccedil;&atilde;o digital:</p>\r\n\r\n<ul>\r\n	<li>Cria&ccedil;&atilde;o de marca</li>\r\n	<li>Papelaria</li>\r\n	<li>Website</li>\r\n	<li>Loja Virtual</li>\r\n	<li>E-mail marketing</li>\r\n</ul>\r\n','<p>A Trupe foi respons&aacute;vel pela identidade visual, e toda a comunica&ccedil;&atilde;o digital:</p>\r\n\r\n<ul>\r\n	<li>Cria&ccedil;&atilde;o de marca</li>\r\n	<li>Papelaria</li>\r\n	<li>Website</li>\r\n	<li>Loja Virtual</li>\r\n	<li>E-mail marketing</li>\r\n</ul>\r\n','http://bamboole.com.br','','2015-01-23 17:21:58','2015-01-27 15:19:50'),(32,35,'20150123155119marca-kc.jpg','Kufa&Callado','kufacallado','<p>Escrit&oacute;rio de advocacia Kuffa &amp; Callado</p>\r\n\r\n<ul>\r\n	<li>Cria&ccedil;&atilde;o de marca</li>\r\n	<li>Papelaria</li>\r\n</ul>\r\n','<p>Escrit&oacute;rio de advocacia Kuffa &amp; Callado</p>\r\n\r\n<ul>\r\n	<li>Cria&ccedil;&atilde;o de marca</li>\r\n	<li>Papelaria</li>\r\n</ul>\r\n','','','2015-01-23 17:51:20','2015-01-27 15:20:20'),(33,36,'20150123163837capa-kufa.png','Kufa Advocacia','kufa-advocacia','<p>A Trupe desenvolveu a comunica&ccedil;&atilde;o do escrit&oacute;rio de advocacia Kuffa</p>\r\n\r\n<ul>\r\n	<li>Cria&ccedil;&atilde;o de marca</li>\r\n	<li>Papelaria</li>\r\n	<li>Website</li>\r\n</ul>\r\n','<p>A Trupe desenvolveu a comunica&ccedil;&atilde;o do escrit&oacute;rio de advocacia Kuffa</p>\r\n\r\n<ul>\r\n	<li>Cria&ccedil;&atilde;o de marca</li>\r\n	<li>Papelaria</li>\r\n	<li>Website</li>\r\n</ul>\r\n','http://kufa.adv.br','','2015-01-23 18:38:37','2015-01-23 18:55:18'),(34,14,'20150123182042capa-erea.png','Érea','erea','<p>A Trupe desenvolveu o novo site da &Eacute;rea.</p>\r\n','<p>A Trupe desenvolveu o novo site da &Eacute;rea.</p>\r\n','www.erea.com.br','','2015-01-23 20:20:42','2015-01-27 15:07:04'),(35,37,'20150126121118capa-thiago.png','Thiago Tavella','thiago-tavella','<p>Desenvolvimento de website.</p>\r\n','<p>Desenvolvimento de website.</p>\r\n','http://thiagotavella.com','','2015-01-26 14:11:18','2015-01-27 15:20:44'),(36,38,'20150126122858capa-stato.png','Stato Móveis','stato-moveis','<p>Desenvolvimento de website + gerenciamento de conte&uacute;do.</p>\r\n','<p>Desenvolvimento de website + gerenciamento de conte&uacute;do.</p>\r\n','http://stato-moveisparaescritorio.com.br','','2015-01-26 14:28:58','2015-01-27 15:20:54'),(37,39,'20150126130405capa-raro.png','Raro Carmim Eventos','raro-carmim-eventos','<p>A Trupe foi respons&aacute;vel por todo o processo de branding da empresa:</p>\r\n\r\n<ul>\r\n	<li>Naming</li>\r\n	<li>Cria&ccedil;&atilde;o de marca</li>\r\n	<li>Papelaria</li>\r\n	<li>Website</li>\r\n	<li>Blog</li>\r\n</ul>\r\n','<p>A Trupe foi respons&aacute;vel por todo o processo de branding da empresa:</p>\r\n\r\n<ul>\r\n	<li>Naming</li>\r\n	<li>Cria&ccedil;&atilde;o de marca</li>\r\n	<li>Papelaria</li>\r\n	<li>Website</li>\r\n	<li>Blog</li>\r\n</ul>\r\n','http://www.rarocarmim.com.br','','2015-01-26 15:04:05','2015-01-26 15:04:05'),(38,40,'20150126154205marca-caico.jpg','Caico de Queiroz','caico-de-queiroz','<p>A Trupe fo respons&aacute;vel por reformular a comunica&ccedil;&atilde;o da empresa:</p>\r\n\r\n<ul>\r\n	<li>Cria&ccedil;&atilde;o de marca</li>\r\n	<li>Selo comemorativo 10 anos</li>\r\n	<li>Papelaria</li>\r\n	<li>Assinatura de e-mail</li>\r\n	<li>Website</li>\r\n</ul>\r\n','<p>A Trupe fo respons&aacute;vel por reformular a comunica&ccedil;&atilde;o da empresa:</p>\r\n\r\n<ul>\r\n	<li>Cria&ccedil;&atilde;o de marca</li>\r\n	<li>Selo comemorativo 10 anos</li>\r\n	<li>Papelaria</li>\r\n	<li>Assinatura de e-mail</li>\r\n	<li>Website</li>\r\n</ul>\r\n','www.caicodequeiroz.com.br','','2015-01-26 17:42:05','2015-01-27 15:21:20'),(39,41,'20150127133138capa-gemte.png','Gemte','gemte','<p>Cria&ccedil;&atilde;o de website.</p>\r\n','<p>Cria&ccedil;&atilde;o de website.</p>\r\n','www.gemte.com.br','','2015-01-27 15:31:38','2015-01-27 15:31:38'),(40,42,'20150129125037marca-master.jpg','Master Diagnóstica','master-diagnostica','<p>A Trupe foi respons&aacute;vel pela reformula&ccedil;&atilde;o da identidade visual da Master Diagn&oacute;stica:</p>\r\n\r\n<ul>\r\n	<li>Cria&ccedil;&atilde;o de marca</li>\r\n	<li>Papelaria</li>\r\n	<li>Website</li>\r\n	<li>E-mail Marketing</li>\r\n	<li>Wallpaper</li>\r\n</ul>\r\n','<p>A Trupe foi respons&aacute;vel pela reformula&ccedil;&atilde;o da identidade visual da Master Diagn&oacute;stica:</p>\r\n\r\n<ul>\r\n	<li>Cria&ccedil;&atilde;o de marca</li>\r\n	<li>Papelaria</li>\r\n	<li>Website</li>\r\n	<li>E-mail Marketing</li>\r\n	<li>Wallpaper</li>\r\n</ul>\r\n','www.masterdiagnostica.com.br','','2015-01-29 14:50:37','2015-01-29 14:51:43'),(41,43,'20150129134501marca-full-fight.jpg','Academia Full Fight','academia-full-fight','','','www.fullfight.com.br','','2015-01-29 15:45:01','2015-01-29 15:45:01'),(42,44,'20150130184747marca0-diaz.jpg','Diaz Rosa Advogados','diaz-rosa-advogados','<p>A Trupe foi resp</p>\r\n','','www.diazrosa.com.br','','2015-01-30 20:44:11','2015-01-30 20:47:47'),(43,45,'20150201153018capa-potenza.jpg','Potenza RH','potenza-rh','<p>A Trupe foi respons&aacute;vel pela reformula&ccedil;&atilde;o da identidade visual.</p>\r\n\r\n<ul>\r\n	<li>Cria&ccedil;&atilde;o de marca</li>\r\n	<li>Papelaria</li>\r\n	<li>Impressos</li>\r\n	<li>Website</li>\r\n</ul>\r\n','<p>A Trupe foi respons&aacute;vel pela reformula&ccedil;&atilde;o da identidade visual.</p>\r\n\r\n<ul>\r\n	<li>Cria&ccedil;&atilde;o de marca</li>\r\n	<li>Papelaria</li>\r\n	<li>Impressos</li>\r\n	<li>Website</li>\r\n</ul>\r\n','','','2015-02-01 17:30:18','2015-02-01 17:30:18'),(44,46,'20150201163049capa-lola.png','Lola Daily','lola-daily','<p>A Trupe foi respons&aacute;vel pelo desenvolvimento da loja virtual Lola Daily.</p>\r\n','<p>A Trupe foi respons&aacute;vel pelo desenvolvimento da loja virtual Lola Daily.</p>\r\n','www.loladaily.com.br','','2015-02-01 18:30:49','2015-02-01 18:30:49'),(45,47,'20150201192244marca-metatalentos.jpg','Meta Talentos','meta-talentos','<p>A Trupe &eacute; respons&aacute;vel por toda a comunica&ccedil;&atilde;o do Grupo Meta RH, criamos toda a identidade visual da Meta Talentos:</p>\r\n\r\n<ul>\r\n	<li>Cria&ccedil;&atilde;o de marca</li>\r\n	<li>Papelaria</li>\r\n	<li>Impressos</li>\r\n	<li>An&uacute;ncios para revista</li>\r\n	<li>Website</li>\r\n</ul>\r\n','<p>A Trupe &eacute; respons&aacute;vel por toda a comunica&ccedil;&atilde;o do Grupo Meta RH, criamos toda a identidade visual da Meta Talentos:</p>\r\n\r\n<ul>\r\n	<li>Cria&ccedil;&atilde;o de marca</li>\r\n	<li>Papelaria</li>\r\n	<li>Impressos</li>\r\n	<li>An&uacute;ncios para revista</li>\r\n	<li>Website</li>\r\n</ul>\r\n','www.metatalentos.com.br','','2015-02-01 21:22:44','2015-02-01 21:22:44'),(46,49,'20150201213158capa-versus.jpg','Academia Versus Fight Club','academia-versus-fight-club','','','','','2015-02-01 23:31:59','2015-02-01 23:31:59'),(47,48,'20150201213311capa-renato.jpg','Renato Serigni','renato-serigni','','','','','2015-02-01 23:33:11','2015-02-01 23:33:11');
/*!40000 ALTER TABLE `apresentacao` ENABLE KEYS */;
UNLOCK TABLES;

--
-- Table structure for table `apresentacao_imagens`
--

DROP TABLE IF EXISTS `apresentacao_imagens`;
/*!40101 SET @saved_cs_client     = @@character_set_client */;
/*!40101 SET character_set_client = utf8 */;
CREATE TABLE `apresentacao_imagens` (
  `id` int(10) unsigned NOT NULL AUTO_INCREMENT,
  `apresentacao_id` int(11) NOT NULL,
  `imagem` varchar(255) COLLATE utf8_unicode_ci NOT NULL,
  `descricao` text COLLATE utf8_unicode_ci NOT NULL,
  `ordem` int(11) NOT NULL,
  `created_at` timestamp NOT NULL DEFAULT '0000-00-00 00:00:00',
  `updated_at` timestamp NOT NULL DEFAULT '0000-00-00 00:00:00',
  PRIMARY KEY (`id`)
) ENGINE=InnoDB AUTO_INCREMENT=763 DEFAULT CHARSET=utf8 COLLATE=utf8_unicode_ci;
/*!40101 SET character_set_client = @saved_cs_client */;

--
-- Dumping data for table `apresentacao_imagens`
--

LOCK TABLES `apresentacao_imagens` WRITE;
/*!40000 ALTER TABLE `apresentacao_imagens` DISABLE KEYS */;
INSERT INTO `apresentacao_imagens` VALUES (26,2,'20150108120233019 - Super Mario World.jpg','mario 1',0,'2015-01-09 19:29:33','2015-01-09 19:29:33'),(27,2,'20150108120233041 - Mass Effect.jpg','mass effect',1,'2015-01-09 19:29:33','2015-01-09 19:29:33'),(28,2,'20150108124547017 - Super Mario 3.jpg','',2,'2015-01-09 19:29:33','2015-01-09 19:29:33'),(308,14,'201501201249512.png','',0,'2015-01-20 14:49:56','2015-01-20 14:49:56'),(309,14,'201501201249531.png','',1,'2015-01-20 14:49:56','2015-01-20 14:49:56'),(372,10,'20150119190926img1.jpg','',0,'2015-01-21 21:55:10','2015-01-21 21:55:10'),(373,10,'20150119190926img8.jpg','',1,'2015-01-21 21:55:10','2015-01-21 21:55:10'),(374,10,'20150119190927img9.jpg','',2,'2015-01-21 21:55:10','2015-01-21 21:55:10'),(375,10,'20150119190927img10.jpg','',3,'2015-01-21 21:55:10','2015-01-21 21:55:10'),(376,10,'20150119190927img14.jpg','',4,'2015-01-21 21:55:10','2015-01-21 21:55:10'),(480,12,'20150126184536slide-bbq.jpg','',0,'2015-01-26 20:45:40','2015-01-26 20:45:40'),(481,12,'20150119192655img1.jpg','',1,'2015-01-26 20:45:40','2015-01-26 20:45:40'),(482,12,'20150119192655img4.jpg','',2,'2015-01-26 20:45:40','2015-01-26 20:45:40'),(483,12,'20150119192656img5.jpg','',3,'2015-01-26 20:45:40','2015-01-26 20:45:40'),(484,12,'20150119192656img6.jpg','',4,'2015-01-26 20:45:40','2015-01-26 20:45:40'),(485,12,'20150119192657img10.jpg','',5,'2015-01-26 20:45:40','2015-01-26 20:45:40'),(486,12,'20150119192657img11.jpg','',6,'2015-01-26 20:45:40','2015-01-26 20:45:40'),(487,12,'20150119192658img21.jpg','',7,'2015-01-26 20:45:40','2015-01-26 20:45:40'),(488,4,'20150122175132email-jandaia.jpg','',0,'2015-01-27 14:22:41','2015-01-27 14:22:41'),(489,4,'20150119182940capa-form-onedirection.png','',1,'2015-01-27 14:22:42','2015-01-27 14:22:42'),(490,4,'20150119183024img1.jpg','',2,'2015-01-27 14:22:42','2015-01-27 14:22:42'),(491,4,'201501191830341.png','',3,'2015-01-27 14:22:42','2015-01-27 14:22:42'),(492,4,'20150119183053img1.jpg','',4,'2015-01-27 14:22:42','2015-01-27 14:22:42'),(493,4,'20150122174929banners-jand.png','',5,'2015-01-27 14:22:42','2015-01-27 14:22:42'),(494,7,'20150119185151img1.jpg','',0,'2015-01-27 14:23:24','2015-01-27 14:23:24'),(495,7,'201501191853141.jpg','',1,'2015-01-27 14:23:24','2015-01-27 14:23:24'),(496,7,'201501191853142.jpg','',2,'2015-01-27 14:23:24','2015-01-27 14:23:24'),(497,7,'201501191853143.jpg','',3,'2015-01-27 14:23:24','2015-01-27 14:23:24'),(520,8,'201501191859041.jpg','',0,'2015-01-27 14:24:33','2015-01-27 14:24:33'),(521,8,'20150119185807img3.png','',1,'2015-01-27 14:24:33','2015-01-27 14:24:33'),(522,8,'20150119185809img4.png','',2,'2015-01-27 14:24:33','2015-01-27 14:24:33'),(523,8,'20150119185809img6.png','',3,'2015-01-27 14:24:33','2015-01-27 14:24:33'),(524,8,'20150119185810img12.png','',4,'2015-01-27 14:24:33','2015-01-27 14:24:33'),(525,8,'20150119185811img14.png','',5,'2015-01-27 14:24:33','2015-01-27 14:24:33'),(526,8,'20150119185812img15.png','',6,'2015-01-27 14:24:33','2015-01-27 14:24:33'),(527,8,'20150119185813img20.png','',7,'2015-01-27 14:24:33','2015-01-27 14:24:33'),(528,8,'20150119185813img18.png','',8,'2015-01-27 14:24:33','2015-01-27 14:24:33'),(529,8,'20150119185813img21.png','',9,'2015-01-27 14:24:33','2015-01-27 14:24:33'),(530,8,'20150119185814img22.png','',10,'2015-01-27 14:24:33','2015-01-27 14:24:33'),(531,11,'20150119192038home1.jpg','',0,'2015-01-27 14:34:31','2015-01-27 14:34:31'),(532,11,'20150119192038home4.jpg','',1,'2015-01-27 14:34:31','2015-01-27 14:34:31'),(533,11,'20150119192038home5.jpg','',2,'2015-01-27 14:34:31','2015-01-27 14:34:31'),(534,11,'20150119192038home9.jpg','',3,'2015-01-27 14:34:31','2015-01-27 14:34:31'),(535,11,'20150119192038home12.jpg','',4,'2015-01-27 14:34:31','2015-01-27 14:34:31'),(536,11,'20150119192038home17.jpg','',5,'2015-01-27 14:34:31','2015-01-27 14:34:31'),(537,11,'20150119192039home19.jpg','',6,'2015-01-27 14:34:31','2015-01-27 14:34:31'),(538,11,'20150119192039home48.jpg','',7,'2015-01-27 14:34:31','2015-01-27 14:34:31'),(539,11,'20150119192039home24.jpg','',8,'2015-01-27 14:34:31','2015-01-27 14:34:31'),(540,11,'20150119192039home28.jpg','',9,'2015-01-27 14:34:32','2015-01-27 14:34:32'),(541,11,'20150119192039home51.jpg','',10,'2015-01-27 14:34:32','2015-01-27 14:34:32'),(542,3,'20150121155318sequencial-tela.jpg','',0,'2015-01-27 14:48:31','2015-01-27 14:48:31'),(543,19,'20150122130321capa-bpo.jpg','',0,'2015-01-27 14:49:54','2015-01-27 14:49:54'),(544,19,'20150122125453card-metabpo.jpg','',1,'2015-01-27 14:49:54','2015-01-27 14:49:54'),(545,19,'20150122132941pasta-bpo.jpg','',2,'2015-01-27 14:49:54','2015-01-27 14:49:54'),(546,26,'20150123133743img7-exemplo.png','',0,'2015-01-27 14:51:02','2015-01-27 14:51:02'),(547,26,'20150123133744img8-exemplo.png','',1,'2015-01-27 14:51:02','2015-01-27 14:51:02'),(550,21,'20150122164802slide-objetivo.jpg','',0,'2015-01-27 14:52:44','2015-01-27 14:52:44'),(552,27,'20150123135539pieron1.jpg','',0,'2015-01-27 14:54:37','2015-01-27 14:54:37'),(556,6,'20150121142932Imac1web.jpg','',0,'2015-01-27 14:56:58','2015-01-27 14:56:58'),(557,6,'20150121144400mackey-mag.jpg','',1,'2015-01-27 14:56:58','2015-01-27 14:56:58'),(558,6,'20150122113956Catalogue.jpg','',2,'2015-01-27 14:56:58','2015-01-27 14:56:58'),(559,9,'20150119190431img3.png','',0,'2015-01-27 15:03:20','2015-01-27 15:03:20'),(560,9,'20150119190431img4.png','',1,'2015-01-27 15:03:20','2015-01-27 15:03:20'),(561,9,'20150119190432img5.png','',2,'2015-01-27 15:03:20','2015-01-27 15:03:20'),(562,9,'20150119190432img7.png','',3,'2015-01-27 15:03:20','2015-01-27 15:03:20'),(563,9,'20150119190433img8.png','',4,'2015-01-27 15:03:20','2015-01-27 15:03:20'),(564,9,'20150119190433img9.png','',5,'2015-01-27 15:03:20','2015-01-27 15:03:20'),(565,9,'20150119190434img10.png','',6,'2015-01-27 15:03:20','2015-01-27 15:03:20'),(566,9,'20150119190434img11.png','',7,'2015-01-27 15:03:20','2015-01-27 15:03:20'),(567,9,'20150119190434img13.png','',8,'2015-01-27 15:03:20','2015-01-27 15:03:20'),(568,9,'20150119190435img14.png','',9,'2015-01-27 15:03:20','2015-01-27 15:03:20'),(569,9,'20150119190436img16.png','',10,'2015-01-27 15:03:20','2015-01-27 15:03:20'),(570,9,'20150119190435img15.png','',11,'2015-01-27 15:03:20','2015-01-27 15:03:20'),(571,9,'20150119190436img17.png','',12,'2015-01-27 15:03:20','2015-01-27 15:03:20'),(572,5,'201501091914491.png','',0,'2015-01-27 15:04:47','2015-01-27 15:04:47'),(573,5,'201501091914492.png','',1,'2015-01-27 15:04:47','2015-01-27 15:04:47'),(574,5,'201501201154201.jpg','',2,'2015-01-27 15:04:47','2015-01-27 15:04:47'),(575,5,'201501201154202.jpg','',3,'2015-01-27 15:04:47','2015-01-27 15:04:47'),(576,29,'20150123150600slide-led.jpg','',0,'2015-01-27 15:05:33','2015-01-27 15:05:33'),(577,22,'20150122165728slide-hydros.jpg','',0,'2015-01-27 15:07:55','2015-01-27 15:07:55'),(580,23,'20150122172111slide-olea.jpg','',0,'2015-01-27 15:09:04','2015-01-27 15:09:04'),(583,17,'20150121191117arycom-book.jpg','',0,'2015-01-27 15:14:55','2015-01-27 15:14:55'),(584,17,'20150121192028ary.png','',1,'2015-01-27 15:14:55','2015-01-27 15:14:55'),(585,13,'201501201143231.png','',0,'2015-01-27 15:16:07','2015-01-27 15:16:07'),(586,13,'20150120123347fanpage-mexec.jpg','',1,'2015-01-27 15:16:07','2015-01-27 15:16:07'),(587,13,'20150120123435estudo3 anuncio METAEXECUTIVOS.jpg','',2,'2015-01-27 15:16:07','2015-01-27 15:16:07'),(588,13,'20150120123744_cortar.png','',3,'2015-01-27 15:16:07','2015-01-27 15:16:07'),(592,15,'20150121132724teste3.jpg','',0,'2015-01-27 15:17:39','2015-01-27 15:17:39'),(593,15,'20150121132752capa-loja1.jpg','',1,'2015-01-27 15:17:39','2015-01-27 15:17:39'),(594,15,'20150127131738cartao-cozinha.jpg','',2,'2015-01-27 15:17:39','2015-01-27 15:17:39'),(608,35,'20150126121357slide-tavella.jpg','',0,'2015-01-27 15:20:44','2015-01-27 15:20:44'),(609,35,'20150126121931thiago1.jpg','',1,'2015-01-27 15:20:44','2015-01-27 15:20:44'),(610,35,'20150126122203thiago2.jpg','',2,'2015-01-27 15:20:44','2015-01-27 15:20:44'),(611,36,'20150126124733slide-stato.jpg','',0,'2015-01-27 15:20:54','2015-01-27 15:20:54'),(612,36,'20150126123047stato1.jpg','',1,'2015-01-27 15:20:54','2015-01-27 15:20:54'),(613,36,'20150126123312stato2.jpg','',2,'2015-01-27 15:20:54','2015-01-27 15:20:54'),(645,37,'20150130190436marca1-raro.jpg','',0,'2015-01-30 21:04:40','2015-01-30 21:04:40'),(646,37,'20150126130719slide-raro.jpg','',1,'2015-01-30 21:04:40','2015-01-30 21:04:40'),(647,37,'20150126130857img1.jpg','',2,'2015-01-30 21:04:40','2015-01-30 21:04:40'),(648,37,'20150126130926img4.jpg','',3,'2015-01-30 21:04:40','2015-01-30 21:04:40'),(649,37,'20150126131000img16.jpg','',4,'2015-01-30 21:04:41','2015-01-30 21:04:41'),(650,37,'20150126151011folder-raro.jpg','',5,'2015-01-30 21:04:41','2015-01-30 21:04:41'),(651,38,'20150201140639caico1.jpg','',0,'2015-02-01 16:06:44','2015-02-01 16:06:44'),(652,38,'20150201140639caico2.jpg','',1,'2015-02-01 16:06:44','2015-02-01 16:06:44'),(653,38,'20150201140639caico3.jpg','',2,'2015-02-01 16:06:44','2015-02-01 16:06:44'),(654,42,'20150201140827diaz1.jpg','',0,'2015-02-01 16:08:29','2015-02-01 16:08:29'),(655,42,'20150201140827diaz2.jpg','',1,'2015-02-01 16:08:29','2015-02-01 16:08:29'),(656,42,'20150201140827diaz3.jpg','',2,'2015-02-01 16:08:29','2015-02-01 16:08:29'),(657,33,'20150201141052kufa1.jpg','',0,'2015-02-01 16:11:00','2015-02-01 16:11:00'),(658,33,'20150201141052kufa2.jpg','',1,'2015-02-01 16:11:00','2015-02-01 16:11:00'),(659,33,'20150201141052kufa3.jpg','',2,'2015-02-01 16:11:00','2015-02-01 16:11:00'),(660,33,'20150123165508cartao-kufa.jpg','',3,'2015-02-01 16:11:01','2015-02-01 16:11:01'),(661,33,'20150123165513slide-kufa.jpg','',4,'2015-02-01 16:11:01','2015-02-01 16:11:01'),(662,33,'20150126172627papelaria-kufa.jpg','',5,'2015-02-01 16:11:01','2015-02-01 16:11:01'),(663,40,'20150201142140master1.jpg','',0,'2015-02-01 16:21:48','2015-02-01 16:21:48'),(664,40,'20150201142140master2.jpg','',1,'2015-02-01 16:21:48','2015-02-01 16:21:48'),(665,40,'20150201142140master3.jpg','',2,'2015-02-01 16:21:48','2015-02-01 16:21:48'),(666,40,'20150129130900cartao-master.jpg','',3,'2015-02-01 16:21:48','2015-02-01 16:21:48'),(667,40,'20150129125709emkt-master.jpg','',4,'2015-02-01 16:21:49','2015-02-01 16:21:49'),(668,40,'20150129125228wp1_standard.jpg','',5,'2015-02-01 16:21:49','2015-02-01 16:21:49'),(669,40,'20150129132736slide-master.jpg','',6,'2015-02-01 16:21:49','2015-02-01 16:21:49'),(670,32,'20150201142833kufa1.jpg','',0,'2015-02-01 16:28:39','2015-02-01 16:28:39'),(671,32,'20150201142833kufa2.jpg','',1,'2015-02-01 16:28:40','2015-02-01 16:28:40'),(672,32,'20150201142833kufa3.jpg','',2,'2015-02-01 16:28:40','2015-02-01 16:28:40'),(673,32,'20150123160911cartao-kc.jpg','',3,'2015-02-01 16:28:40','2015-02-01 16:28:40'),(674,30,'20150201143548capital1.jpg','',0,'2015-02-01 16:35:52','2015-02-01 16:35:52'),(675,30,'20150201143548capital2.jpg','',1,'2015-02-01 16:35:52','2015-02-01 16:35:52'),(676,30,'20150201143548capital3.jpg','',2,'2015-02-01 16:35:52','2015-02-01 16:35:52'),(677,31,'20150201145038bambo1.jpg','',0,'2015-02-01 16:50:51','2015-02-01 16:50:51'),(678,31,'20150201145038bambo2.jpg','',1,'2015-02-01 16:50:51','2015-02-01 16:50:51'),(679,31,'20150201145038bambo3.jpg','',2,'2015-02-01 16:50:51','2015-02-01 16:50:51'),(680,31,'20150123154739cartao-bam.jpg','',3,'2015-02-01 16:50:51','2015-02-01 16:50:51'),(681,31,'20150123153007slide-bam.jpg','',4,'2015-02-01 16:50:51','2015-02-01 16:50:51'),(682,31,'20150123154721emkt-bamboole1.png','',5,'2015-02-01 16:50:51','2015-02-01 16:50:51'),(683,31,'20150123154727emkt bamboole2.png','',6,'2015-02-01 16:50:51','2015-02-01 16:50:51'),(684,31,'20150123154732emkt bamboole3.png','',7,'2015-02-01 16:50:51','2015-02-01 16:50:51'),(685,16,'20150201145733grupom1.jpg','',0,'2015-02-01 16:57:42','2015-02-01 16:57:42'),(686,16,'20150201145733grupom2.jpg','',1,'2015-02-01 16:57:42','2015-02-01 16:57:42'),(687,16,'20150201145733grupom3.jpg','',2,'2015-02-01 16:57:42','2015-02-01 16:57:42'),(688,16,'20150121185748grupo-meta.jpg','',3,'2015-02-01 16:57:42','2015-02-01 16:57:42'),(689,16,'20150127171257revista-meta.jpg','',4,'2015-02-01 16:57:42','2015-02-01 16:57:42'),(690,16,'20150127173118fanpage-meta.jpg','',5,'2015-02-01 16:57:42','2015-02-01 16:57:42'),(691,28,'20150201150447max1.jpg','',0,'2015-02-01 17:04:49','2015-02-01 17:04:49'),(692,28,'20150201150447max2.jpg','',1,'2015-02-01 17:04:49','2015-02-01 17:04:49'),(693,28,'20150201150447max3.jpg','',2,'2015-02-01 17:04:49','2015-02-01 17:04:49'),(694,24,'20150201151105south1.jpg','',0,'2015-02-01 17:11:12','2015-02-01 17:11:12'),(695,24,'20150201151105south2.jpg','',1,'2015-02-01 17:11:12','2015-02-01 17:11:12'),(696,24,'20150201151105south3.jpg','',2,'2015-02-01 17:11:12','2015-02-01 17:11:12'),(697,24,'20150122181750slide-sout.jpg','',3,'2015-02-01 17:11:12','2015-02-01 17:11:12'),(698,24,'20150122181420cartao-south.jpg','',4,'2015-02-01 17:11:12','2015-02-01 17:11:12'),(699,20,'20150201151908iph1.jpg','',0,'2015-02-01 17:19:15','2015-02-01 17:19:15'),(700,20,'20150201151908iph2.jpg','',1,'2015-02-01 17:19:15','2015-02-01 17:19:15'),(701,20,'20150201151908iph3.jpg','',2,'2015-02-01 17:19:15','2015-02-01 17:19:15'),(702,20,'20150122150141capa-iph.jpg','',3,'2015-02-01 17:19:15','2015-02-01 17:19:15'),(713,43,'20150201152736potenza1.jpg','',0,'2015-02-01 18:21:52','2015-02-01 18:21:52'),(714,43,'20150201152736potenza2.jpg','',1,'2015-02-01 18:21:52','2015-02-01 18:21:52'),(715,43,'20150201152736potenza3.jpg','',2,'2015-02-01 18:21:53','2015-02-01 18:21:53'),(716,43,'20150201162150cartao-potenza.jpg','',3,'2015-02-01 18:21:53','2015-02-01 18:21:53'),(717,44,'20150201163458slide-lola.jpg','',0,'2015-02-01 18:35:00','2015-02-01 18:35:00'),(746,45,'20150201192824metata1.jpg','',0,'2015-02-01 22:15:31','2015-02-01 22:15:31'),(747,45,'20150201192824metata2.jpg','',1,'2015-02-01 22:15:31','2015-02-01 22:15:31'),(748,45,'20150201192824metata3.jpg','',2,'2015-02-01 22:15:31','2015-02-01 22:15:31'),(749,45,'20150201201356cartao-metata.jpg','',3,'2015-02-01 22:15:31','2015-02-01 22:15:31'),(750,45,'20150201192332anuncio-metatalentos.jpg','',4,'2015-02-01 22:15:31','2015-02-01 22:15:31'),(751,45,'20150201193623slide-metata.jpg','',5,'2015-02-01 22:15:31','2015-02-01 22:15:31'),(752,45,'20150201195805emk-talentos.jpg','',6,'2015-02-01 22:15:31','2015-02-01 22:15:31'),(753,45,'20150201201527fanpage-mtalentos.jpg','',7,'2015-02-01 22:15:31','2015-02-01 22:15:31'),(754,41,'20150201212748full3.jpg','',0,'2015-02-01 23:27:49','2015-02-01 23:27:49'),(755,41,'20150201212748full1.jpg','',1,'2015-02-01 23:27:50','2015-02-01 23:27:50'),(756,41,'20150201212748full2.jpg','',2,'2015-02-01 23:27:50','2015-02-01 23:27:50'),(757,46,'20150201213142versus1.jpg','',0,'2015-02-01 23:32:00','2015-02-01 23:32:00'),(758,46,'20150201213142versus2.jpg','',1,'2015-02-01 23:32:00','2015-02-01 23:32:00'),(759,46,'20150201213142versus3.jpg','',2,'2015-02-01 23:32:00','2015-02-01 23:32:00'),(760,47,'20150201213255renato1.jpg','',0,'2015-02-01 23:33:11','2015-02-01 23:33:11'),(761,47,'20150201213255renato3.jpg','',1,'2015-02-01 23:33:12','2015-02-01 23:33:12'),(762,47,'20150201213255renato2.jpg','',2,'2015-02-01 23:33:12','2015-02-01 23:33:12');
/*!40000 ALTER TABLE `apresentacao_imagens` ENABLE KEYS */;
UNLOCK TABLES;

--
-- Table structure for table `apresentacao_item`
--

DROP TABLE IF EXISTS `apresentacao_item`;
/*!40101 SET @saved_cs_client     = @@character_set_client */;
/*!40101 SET character_set_client = utf8 */;
CREATE TABLE `apresentacao_item` (
  `id` int(10) unsigned NOT NULL AUTO_INCREMENT,
  `apresentacao_id` int(11) NOT NULL,
  `itens_id` int(11) NOT NULL,
  `created_at` timestamp NOT NULL DEFAULT '0000-00-00 00:00:00',
  `updated_at` timestamp NOT NULL DEFAULT '0000-00-00 00:00:00',
  PRIMARY KEY (`id`)
) ENGINE=InnoDB AUTO_INCREMENT=185 DEFAULT CHARSET=utf8 COLLATE=utf8_unicode_ci;
/*!40101 SET character_set_client = @saved_cs_client */;

--
-- Dumping data for table `apresentacao_item`
--

LOCK TABLES `apresentacao_item` WRITE;
/*!40000 ALTER TABLE `apresentacao_item` DISABLE KEYS */;
INSERT INTO `apresentacao_item` VALUES (1,4,2,'0000-00-00 00:00:00','0000-00-00 00:00:00'),(2,5,2,'0000-00-00 00:00:00','0000-00-00 00:00:00'),(3,1,3,'0000-00-00 00:00:00','0000-00-00 00:00:00'),(4,3,3,'0000-00-00 00:00:00','0000-00-00 00:00:00'),(5,1,4,'0000-00-00 00:00:00','0000-00-00 00:00:00'),(6,4,4,'0000-00-00 00:00:00','0000-00-00 00:00:00'),(7,2,4,'0000-00-00 00:00:00','0000-00-00 00:00:00'),(8,3,4,'0000-00-00 00:00:00','0000-00-00 00:00:00'),(9,5,4,'0000-00-00 00:00:00','0000-00-00 00:00:00'),(10,1,5,'0000-00-00 00:00:00','0000-00-00 00:00:00'),(11,4,5,'0000-00-00 00:00:00','0000-00-00 00:00:00'),(12,2,5,'0000-00-00 00:00:00','0000-00-00 00:00:00'),(13,3,5,'0000-00-00 00:00:00','0000-00-00 00:00:00'),(14,5,5,'0000-00-00 00:00:00','0000-00-00 00:00:00'),(15,1,6,'0000-00-00 00:00:00','0000-00-00 00:00:00'),(16,4,6,'0000-00-00 00:00:00','0000-00-00 00:00:00'),(17,2,6,'0000-00-00 00:00:00','0000-00-00 00:00:00'),(18,5,6,'0000-00-00 00:00:00','0000-00-00 00:00:00'),(19,1,7,'0000-00-00 00:00:00','0000-00-00 00:00:00'),(20,2,7,'0000-00-00 00:00:00','0000-00-00 00:00:00'),(21,1,8,'0000-00-00 00:00:00','0000-00-00 00:00:00'),(22,4,8,'0000-00-00 00:00:00','0000-00-00 00:00:00'),(23,2,8,'0000-00-00 00:00:00','0000-00-00 00:00:00'),(24,5,8,'0000-00-00 00:00:00','0000-00-00 00:00:00'),(25,1,9,'0000-00-00 00:00:00','0000-00-00 00:00:00'),(26,4,9,'0000-00-00 00:00:00','0000-00-00 00:00:00'),(27,2,9,'0000-00-00 00:00:00','0000-00-00 00:00:00'),(28,5,9,'0000-00-00 00:00:00','0000-00-00 00:00:00'),(29,1,10,'0000-00-00 00:00:00','0000-00-00 00:00:00'),(30,4,10,'0000-00-00 00:00:00','0000-00-00 00:00:00'),(31,2,10,'0000-00-00 00:00:00','0000-00-00 00:00:00'),(32,5,10,'0000-00-00 00:00:00','0000-00-00 00:00:00'),(33,1,11,'0000-00-00 00:00:00','0000-00-00 00:00:00'),(34,2,11,'0000-00-00 00:00:00','0000-00-00 00:00:00'),(35,1,12,'0000-00-00 00:00:00','0000-00-00 00:00:00'),(36,4,12,'0000-00-00 00:00:00','0000-00-00 00:00:00'),(37,2,12,'0000-00-00 00:00:00','0000-00-00 00:00:00'),(38,5,12,'0000-00-00 00:00:00','0000-00-00 00:00:00'),(39,1,13,'0000-00-00 00:00:00','0000-00-00 00:00:00'),(40,4,13,'0000-00-00 00:00:00','0000-00-00 00:00:00'),(41,2,13,'0000-00-00 00:00:00','0000-00-00 00:00:00'),(42,3,13,'0000-00-00 00:00:00','0000-00-00 00:00:00'),(43,5,13,'0000-00-00 00:00:00','0000-00-00 00:00:00'),(44,1,14,'0000-00-00 00:00:00','0000-00-00 00:00:00'),(45,4,14,'0000-00-00 00:00:00','0000-00-00 00:00:00'),(46,2,14,'0000-00-00 00:00:00','0000-00-00 00:00:00'),(47,3,14,'0000-00-00 00:00:00','0000-00-00 00:00:00'),(48,5,14,'0000-00-00 00:00:00','0000-00-00 00:00:00'),(49,1,15,'0000-00-00 00:00:00','0000-00-00 00:00:00'),(50,4,15,'0000-00-00 00:00:00','0000-00-00 00:00:00'),(51,2,15,'0000-00-00 00:00:00','0000-00-00 00:00:00'),(52,3,15,'0000-00-00 00:00:00','0000-00-00 00:00:00'),(53,5,15,'0000-00-00 00:00:00','0000-00-00 00:00:00'),(54,4,3,'0000-00-00 00:00:00','0000-00-00 00:00:00'),(55,2,3,'0000-00-00 00:00:00','0000-00-00 00:00:00'),(56,5,3,'0000-00-00 00:00:00','0000-00-00 00:00:00'),(57,1,16,'0000-00-00 00:00:00','0000-00-00 00:00:00'),(58,4,16,'0000-00-00 00:00:00','0000-00-00 00:00:00'),(59,2,16,'0000-00-00 00:00:00','0000-00-00 00:00:00'),(60,3,16,'0000-00-00 00:00:00','0000-00-00 00:00:00'),(61,5,16,'0000-00-00 00:00:00','0000-00-00 00:00:00'),(62,1,17,'0000-00-00 00:00:00','0000-00-00 00:00:00'),(63,4,17,'0000-00-00 00:00:00','0000-00-00 00:00:00'),(64,2,17,'0000-00-00 00:00:00','0000-00-00 00:00:00'),(65,1,19,'0000-00-00 00:00:00','0000-00-00 00:00:00'),(66,4,19,'0000-00-00 00:00:00','0000-00-00 00:00:00'),(67,2,19,'0000-00-00 00:00:00','0000-00-00 00:00:00'),(68,3,19,'0000-00-00 00:00:00','0000-00-00 00:00:00'),(69,5,19,'0000-00-00 00:00:00','0000-00-00 00:00:00'),(70,1,20,'0000-00-00 00:00:00','0000-00-00 00:00:00'),(71,4,20,'0000-00-00 00:00:00','0000-00-00 00:00:00'),(72,2,20,'0000-00-00 00:00:00','0000-00-00 00:00:00'),(73,5,20,'0000-00-00 00:00:00','0000-00-00 00:00:00'),(74,1,21,'0000-00-00 00:00:00','0000-00-00 00:00:00'),(75,4,21,'0000-00-00 00:00:00','0000-00-00 00:00:00'),(76,2,21,'0000-00-00 00:00:00','0000-00-00 00:00:00'),(77,5,21,'0000-00-00 00:00:00','0000-00-00 00:00:00'),(78,1,22,'0000-00-00 00:00:00','0000-00-00 00:00:00'),(79,4,22,'0000-00-00 00:00:00','0000-00-00 00:00:00'),(80,2,22,'0000-00-00 00:00:00','0000-00-00 00:00:00'),(81,5,22,'0000-00-00 00:00:00','0000-00-00 00:00:00'),(82,1,23,'0000-00-00 00:00:00','0000-00-00 00:00:00'),(83,4,23,'0000-00-00 00:00:00','0000-00-00 00:00:00'),(84,2,23,'0000-00-00 00:00:00','0000-00-00 00:00:00'),(85,5,23,'0000-00-00 00:00:00','0000-00-00 00:00:00'),(86,1,24,'0000-00-00 00:00:00','0000-00-00 00:00:00'),(87,4,24,'0000-00-00 00:00:00','0000-00-00 00:00:00'),(88,2,24,'0000-00-00 00:00:00','0000-00-00 00:00:00'),(89,5,24,'0000-00-00 00:00:00','0000-00-00 00:00:00'),(90,1,25,'0000-00-00 00:00:00','0000-00-00 00:00:00'),(91,4,25,'0000-00-00 00:00:00','0000-00-00 00:00:00'),(92,2,25,'0000-00-00 00:00:00','0000-00-00 00:00:00'),(93,5,25,'0000-00-00 00:00:00','0000-00-00 00:00:00'),(94,1,26,'0000-00-00 00:00:00','0000-00-00 00:00:00'),(95,2,26,'0000-00-00 00:00:00','0000-00-00 00:00:00'),(96,1,27,'0000-00-00 00:00:00','0000-00-00 00:00:00'),(97,4,27,'0000-00-00 00:00:00','0000-00-00 00:00:00'),(98,2,27,'0000-00-00 00:00:00','0000-00-00 00:00:00'),(99,5,27,'0000-00-00 00:00:00','0000-00-00 00:00:00'),(100,1,28,'0000-00-00 00:00:00','0000-00-00 00:00:00'),(101,2,28,'0000-00-00 00:00:00','0000-00-00 00:00:00'),(102,1,29,'0000-00-00 00:00:00','0000-00-00 00:00:00'),(103,4,29,'0000-00-00 00:00:00','0000-00-00 00:00:00'),(104,2,29,'0000-00-00 00:00:00','0000-00-00 00:00:00'),(105,5,29,'0000-00-00 00:00:00','0000-00-00 00:00:00'),(106,1,30,'0000-00-00 00:00:00','0000-00-00 00:00:00'),(107,2,30,'0000-00-00 00:00:00','0000-00-00 00:00:00'),(108,1,31,'0000-00-00 00:00:00','0000-00-00 00:00:00'),(109,4,31,'0000-00-00 00:00:00','0000-00-00 00:00:00'),(110,2,31,'0000-00-00 00:00:00','0000-00-00 00:00:00'),(111,3,31,'0000-00-00 00:00:00','0000-00-00 00:00:00'),(112,5,31,'0000-00-00 00:00:00','0000-00-00 00:00:00'),(113,1,32,'0000-00-00 00:00:00','0000-00-00 00:00:00'),(114,2,32,'0000-00-00 00:00:00','0000-00-00 00:00:00'),(115,1,33,'0000-00-00 00:00:00','0000-00-00 00:00:00'),(116,2,33,'0000-00-00 00:00:00','0000-00-00 00:00:00'),(117,1,34,'0000-00-00 00:00:00','0000-00-00 00:00:00'),(118,4,34,'0000-00-00 00:00:00','0000-00-00 00:00:00'),(119,2,34,'0000-00-00 00:00:00','0000-00-00 00:00:00'),(120,5,34,'0000-00-00 00:00:00','0000-00-00 00:00:00'),(121,1,35,'0000-00-00 00:00:00','0000-00-00 00:00:00'),(122,4,35,'0000-00-00 00:00:00','0000-00-00 00:00:00'),(123,2,35,'0000-00-00 00:00:00','0000-00-00 00:00:00'),(124,5,35,'0000-00-00 00:00:00','0000-00-00 00:00:00'),(125,1,36,'0000-00-00 00:00:00','0000-00-00 00:00:00'),(126,4,36,'0000-00-00 00:00:00','0000-00-00 00:00:00'),(127,2,36,'0000-00-00 00:00:00','0000-00-00 00:00:00'),(128,5,36,'0000-00-00 00:00:00','0000-00-00 00:00:00'),(129,1,37,'0000-00-00 00:00:00','0000-00-00 00:00:00'),(130,4,37,'0000-00-00 00:00:00','0000-00-00 00:00:00'),(131,2,37,'0000-00-00 00:00:00','0000-00-00 00:00:00'),(132,5,37,'0000-00-00 00:00:00','0000-00-00 00:00:00'),(133,1,38,'0000-00-00 00:00:00','0000-00-00 00:00:00'),(134,2,38,'0000-00-00 00:00:00','0000-00-00 00:00:00'),(135,1,39,'0000-00-00 00:00:00','0000-00-00 00:00:00'),(136,4,39,'0000-00-00 00:00:00','0000-00-00 00:00:00'),(137,2,39,'0000-00-00 00:00:00','0000-00-00 00:00:00'),(138,5,39,'0000-00-00 00:00:00','0000-00-00 00:00:00'),(139,1,40,'0000-00-00 00:00:00','0000-00-00 00:00:00'),(140,4,40,'0000-00-00 00:00:00','0000-00-00 00:00:00'),(141,2,40,'0000-00-00 00:00:00','0000-00-00 00:00:00'),(142,5,40,'0000-00-00 00:00:00','0000-00-00 00:00:00'),(143,1,41,'0000-00-00 00:00:00','0000-00-00 00:00:00'),(144,2,41,'0000-00-00 00:00:00','0000-00-00 00:00:00'),(145,1,42,'0000-00-00 00:00:00','0000-00-00 00:00:00'),(146,4,42,'0000-00-00 00:00:00','0000-00-00 00:00:00'),(147,2,42,'0000-00-00 00:00:00','0000-00-00 00:00:00'),(148,5,42,'0000-00-00 00:00:00','0000-00-00 00:00:00'),(149,1,43,'0000-00-00 00:00:00','0000-00-00 00:00:00'),(150,4,43,'0000-00-00 00:00:00','0000-00-00 00:00:00'),(151,2,43,'0000-00-00 00:00:00','0000-00-00 00:00:00'),(152,5,43,'0000-00-00 00:00:00','0000-00-00 00:00:00'),(153,1,44,'0000-00-00 00:00:00','0000-00-00 00:00:00'),(154,4,44,'0000-00-00 00:00:00','0000-00-00 00:00:00'),(155,3,44,'0000-00-00 00:00:00','0000-00-00 00:00:00'),(156,5,44,'0000-00-00 00:00:00','0000-00-00 00:00:00'),(157,1,45,'0000-00-00 00:00:00','0000-00-00 00:00:00'),(158,4,45,'0000-00-00 00:00:00','0000-00-00 00:00:00'),(159,2,45,'0000-00-00 00:00:00','0000-00-00 00:00:00'),(160,3,45,'0000-00-00 00:00:00','0000-00-00 00:00:00'),(161,5,45,'0000-00-00 00:00:00','0000-00-00 00:00:00'),(162,8,45,'0000-00-00 00:00:00','0000-00-00 00:00:00'),(163,9,45,'0000-00-00 00:00:00','0000-00-00 00:00:00'),(164,10,45,'0000-00-00 00:00:00','0000-00-00 00:00:00'),(165,11,45,'0000-00-00 00:00:00','0000-00-00 00:00:00'),(166,12,45,'0000-00-00 00:00:00','0000-00-00 00:00:00'),(167,13,45,'0000-00-00 00:00:00','0000-00-00 00:00:00'),(168,1,46,'0000-00-00 00:00:00','0000-00-00 00:00:00'),(169,4,46,'0000-00-00 00:00:00','0000-00-00 00:00:00'),(170,15,46,'0000-00-00 00:00:00','0000-00-00 00:00:00'),(171,2,46,'0000-00-00 00:00:00','0000-00-00 00:00:00'),(172,3,46,'0000-00-00 00:00:00','0000-00-00 00:00:00'),(173,5,46,'0000-00-00 00:00:00','0000-00-00 00:00:00'),(174,9,46,'0000-00-00 00:00:00','0000-00-00 00:00:00'),(175,10,46,'0000-00-00 00:00:00','0000-00-00 00:00:00'),(176,11,46,'0000-00-00 00:00:00','0000-00-00 00:00:00'),(177,12,46,'0000-00-00 00:00:00','0000-00-00 00:00:00'),(178,13,46,'0000-00-00 00:00:00','0000-00-00 00:00:00'),(179,1,47,'0000-00-00 00:00:00','0000-00-00 00:00:00'),(180,15,47,'0000-00-00 00:00:00','0000-00-00 00:00:00'),(181,2,47,'0000-00-00 00:00:00','0000-00-00 00:00:00'),(182,11,47,'0000-00-00 00:00:00','0000-00-00 00:00:00'),(183,12,47,'0000-00-00 00:00:00','0000-00-00 00:00:00'),(184,13,47,'0000-00-00 00:00:00','0000-00-00 00:00:00');
/*!40000 ALTER TABLE `apresentacao_item` ENABLE KEYS */;
UNLOCK TABLES;

--
-- Table structure for table `atuacao`
--

DROP TABLE IF EXISTS `atuacao`;
/*!40101 SET @saved_cs_client     = @@character_set_client */;
/*!40101 SET character_set_client = utf8 */;
CREATE TABLE `atuacao` (
  `id` int(10) unsigned NOT NULL AUTO_INCREMENT,
  `titulo` varchar(255) COLLATE utf8_unicode_ci NOT NULL,
  `slug` varchar(255) COLLATE utf8_unicode_ci NOT NULL,
  `icone` varchar(255) COLLATE utf8_unicode_ci NOT NULL,
  `texto` text COLLATE utf8_unicode_ci NOT NULL,
  `ordem` int(11) NOT NULL,
  `created_at` timestamp NOT NULL DEFAULT '0000-00-00 00:00:00',
  `updated_at` timestamp NOT NULL DEFAULT '0000-00-00 00:00:00',
  PRIMARY KEY (`id`)
) ENGINE=InnoDB AUTO_INCREMENT=9 DEFAULT CHARSET=utf8 COLLATE=utf8_unicode_ci;
/*!40101 SET character_set_client = @saved_cs_client */;

--
-- Dumping data for table `atuacao`
--

LOCK TABLES `atuacao` WRITE;
/*!40000 ALTER TABLE `atuacao` DISABLE KEYS */;
INSERT INTO `atuacao` VALUES (1,'Criação e design','criacao-e-design','20150114152341criacao-e-design.png','<p>Criar pe&ccedil;as que comuniquem bem e ajudem a empresa a vender mais &eacute; o objetivo da Trupe. O foco da cria&ccedil;&atilde;o &eacute; atender &agrave;s estrat&eacute;gias tra&ccedil;adas para aumentar a exposi&ccedil;&atilde;o da marca e trazer novos clientes.</p>\r\n\r\n<p>Sempre alinhadas &agrave; mensagem que a empresa quer passar, a cria&ccedil;&atilde;o de cada projeto considera quem realmente precisa receber a mensagem: o cliente do nosso cliente. Portanto, o design &eacute; feito para o cliente final, para quem realmente &quot;compra&quot; o que o cliente da Trupe quer vender.</p>\r\n',0,'2015-01-14 17:23:06','2015-02-01 21:20:27'),(2,'Branding','branding','20150114152415branding.png','<p>Branding &eacute; a Gest&atilde;o da Marca em sua totalidade. &Eacute; a constru&ccedil;&atilde;o e gest&atilde;o de uma imagem ou marca para o mercado. O Branding &eacute; composto pelos elementos que fazem o p&uacute;blico reconhecer a marca em qualquer situa&ccedil;&atilde;o: nome, desenho da marca [logotipo], identidade visual, slogan, discurso verbal e outros s&iacute;mbolos concretos como selos e mascotes. Esses elementos comp&otilde;em a ess&ecirc;ncia da empresa, produto ou servi&ccedil;o e devem estar sempre alinhados com rela&ccedil;&atilde;o &agrave; imagem que se quer criar para vender.</p>\r\n\r\n<p>Gest&atilde;o de Marca &eacute; justamente o conjunto de todos os servi&ccedil;os que a Trupe presta, e ainda complementados por a&ccedil;&otilde;es de marketing como promo&ccedil;&atilde;o e propaganda.</p>\r\n',1,'2015-01-14 17:24:15','2015-02-01 23:49:13'),(3,'Mídia impressa','midia-impressa','20150114152439midia-impressa.png','<p>O material impresso &eacute; um importante meio de divulga&ccedil;&atilde;o das empresas. Panfletos, folders, cat&aacute;logos, anu&aacute;rios sempre fizeram parte do processo de comunica&ccedil;&atilde;o empresarial e continuam eficientes.</p>\r\n\r\n<p>Na era digital &eacute; preciso tamb&eacute;m pensar em capas para CDs, embalagens para pen-drives, flyers para divulgar o website... A papelaria tradicional: cart&atilde;o de visitas, envelope, pasta, papel timbrado, etc., agora precisa conter sempre o endere&ccedil;o virtual da empresa, ter uma vers&atilde;o digital do papel timbrado e a assinatura nas mensagens de e-mail.</p>\r\n\r\n<p>E a Trupe desenvolve tudo isso pra voc&ecirc;!</p>\r\n',2,'2015-01-14 17:24:39','2015-01-16 18:54:31'),(4,'Websites e hotsites','websites-e-hotsites','20150114152518web-sites-hotsites.png','<p>A Trupe atua na cria&ccedil;&atilde;o de sites com foco na usabilidade e sempre com interfaces bonitas e simples, f&aacute;ceis de navegar, com excelente design e bem constru&iacute;das.<br />\r\nUtilizamos as tecnologias mais recentes e indicamos a melhor solu&ccedil;&atilde;o tecnol&oacute;gica para cada projeto, considerando os objetivos do cliente.<br />\r\nO nosso processo de cria&ccedil;&atilde;o de sites foca a uni&atilde;o do design com a tecnologia desde a consultoria inicial, o que garante sites leves, bonitos e de perfeito funcionamento.</p>\r\n',3,'2015-01-14 17:25:18','2015-01-16 18:53:39'),(5,'Sistemas online','sistemas-online','20150114152539sistemas-online.png','<p>Os websites atualmente n&atilde;o oferecem apenas informa&ccedil;&atilde;o. Eles oferecem servi&ccedil;os. Uma simples busca textual ou um cadastro para permitir acesso a conte&uacute;dos restritos s&atilde;o exemplos de sistemas comumente utilizados na web.</p>\r\n\r\n<p>E quase qualquer necessidade pode ser transformada em sistema online permitindo acesso de qualquer lugar a qualquer hora. Se voc&ecirc; tem uma necessidade ligada &agrave; informa&ccedil;&atilde;o ela certamente pode ser traduzida em um sistema.</p>\r\n\r\n<p>Fale conosco para realizarmos o seu projeto.</p>\r\n',4,'2015-01-14 17:25:39','2015-01-16 18:55:26'),(6,'Redes sociais','redes-sociais','20150114152609redes-sociais.png','<p>A Trupe conecta marcas com seus consumidores, desenvolvendo conte&uacute;dos para m&iacute;dias sociais, ajudamos sua empresa a se relacionar corretamente com seu p&uacute;blico.</p>\r\n\r\n<p>Estamos constatemente aprendendo e buscando novas ferramentas e tecnologias, para identificar oportunidades de melhorar os relacionamento empresa x cliente.</p>\r\n\r\n<p>Venha para a Trupe!</p>\r\n\r\n<p>&nbsp;</p>\r\n',5,'2015-01-14 17:26:09','2015-01-16 19:06:41'),(7,'Estratégia e comunicação digital','estrategia-e-comunicacao-digital','20150114152644estrategia-comunicacao-digital.png','<p>oferecendo um servi&ccedil;o profissional completo desde a an&aacute;lise estrat&eacute;gica e planeamento do projecto at&eacute; &agrave; sua concep&ccedil;&atilde;o e desenvolvimento.</p>\r\n',6,'2015-01-14 17:26:44','2015-01-29 14:26:35'),(8,'Consultoria','consultoria','20150114152706consultoria.png','<p>Holisticly myocardinate high-payoff communities vis-a-vis vertical meta-services. Rapidiously conceptualize strategic e-business without transparent leadership skills. Intrinsicly customize equity invested innovation after sustainable products. Dynamically fabricate one-to-one expertise via long-term high-impact convergence. Rapidiously transform an expanded array of infomediaries whereas an expanded array of potentialities.</p>\r\n\r\n<p>Compellingly whiteboard best-of-breed leadership for go forward processes. Collaboratively unleash fully researched solutions after premier.</p>\r\n',7,'2015-01-14 17:27:06','2015-01-14 17:27:06');
/*!40000 ALTER TABLE `atuacao` ENABLE KEYS */;
UNLOCK TABLES;

--
-- Table structure for table `banners`
--

DROP TABLE IF EXISTS `banners`;
/*!40101 SET @saved_cs_client     = @@character_set_client */;
/*!40101 SET character_set_client = utf8 */;
CREATE TABLE `banners` (
  `id` int(10) unsigned NOT NULL AUTO_INCREMENT,
  `titulo` varchar(255) COLLATE utf8_unicode_ci NOT NULL,
  `imagem_fundo` varchar(255) COLLATE utf8_unicode_ci NOT NULL,
  `imagem_destaque` varchar(255) COLLATE utf8_unicode_ci NOT NULL,
  `texto` varchar(255) COLLATE utf8_unicode_ci NOT NULL,
  `link` varchar(255) COLLATE utf8_unicode_ci NOT NULL,
  `ordem` int(11) NOT NULL,
  `created_at` timestamp NOT NULL DEFAULT '0000-00-00 00:00:00',
  `updated_at` timestamp NOT NULL DEFAULT '0000-00-00 00:00:00',
  PRIMARY KEY (`id`)
) ENGINE=InnoDB AUTO_INCREMENT=7 DEFAULT CHARSET=utf8 COLLATE=utf8_unicode_ci;
/*!40101 SET character_set_client = @saved_cs_client */;

--
-- Dumping data for table `banners`
--

LOCK TABLES `banners` WRITE;
/*!40000 ALTER TABLE `banners` DISABLE KEYS */;
INSERT INTO `banners` VALUES (3,'CRIAÇÃO DO SITE BBQ CHICKEN • desktop + mobile','20150126182556banenr1-imgbola.jpg','20150129185349banner-bbq.png','Desenvolvimento de website em versão html para desktops, tablets e smartphones, com gerenciamento de conteúdo dinâmico e suporte na comunicação.','http://trupe.test.10.68.204.118.xip.io/projetos/apresentacao/bbq-chicken',3,'2015-01-26 20:25:56','2015-01-29 20:53:49'),(4,'CRIAÇÃO DO SITE CADERNOS JANDAIA  • desktop + mobile','20150126183253BROCH_ANGRY_BIRDS_GO_2015-01.jpg','20150127180053banner-home-jandaia.png','Desenvolvimento de website em versão html para desktops, tablets e smartphones, com gerenciamento de conteúdo dinâmico e suporte na comunicação.','http://trupe.test.10.68.204.118.xip.io/projetos/detalhes/cadernos-jandaia/website',1,'2015-01-26 20:30:39','2015-01-27 20:00:53'),(5,'APRESENTAÇÃO INSTITUCIONAL AMANCO','20150126185214marca-amanco.jpg','20150127121623banner-home-amanco.png','Reformulação da apresentação institucional da Amanco','projetos/detalhes/amanco/apresentacao-institucional',0,'2015-01-26 20:50:27','2015-01-28 21:43:44'),(6,'CRIAÇÃO DO SITE BIDIM  • desktop + responsive design','201501261919381 (4).jpg','20150127122127capa-bidim.png','Desenvolvimento de website em versão html para desktops, tablets e smartphones, com gerenciamento de conteúdo dinâmico e suporte na comunicação.','http://trupe.test.10.68.204.118.xip.io/projetos/detalhes/bidim/website',2,'2015-01-26 21:18:04','2015-01-27 14:21:27');
/*!40000 ALTER TABLE `banners` ENABLE KEYS */;
UNLOCK TABLES;

--
-- Table structure for table `chamadas_clientes`
--

DROP TABLE IF EXISTS `chamadas_clientes`;
/*!40101 SET @saved_cs_client     = @@character_set_client */;
/*!40101 SET character_set_client = utf8 */;
CREATE TABLE `chamadas_clientes` (
  `id` int(10) unsigned NOT NULL AUTO_INCREMENT,
  `titulo` varchar(255) COLLATE utf8_unicode_ci NOT NULL,
  `texto` varchar(255) COLLATE utf8_unicode_ci NOT NULL,
  `link` varchar(255) COLLATE utf8_unicode_ci NOT NULL,
  `icone` varchar(255) COLLATE utf8_unicode_ci NOT NULL,
  `icone_rosa` varchar(255) COLLATE utf8_unicode_ci NOT NULL,
  `ordem` int(11) NOT NULL,
  `created_at` timestamp NOT NULL DEFAULT '0000-00-00 00:00:00',
  `updated_at` timestamp NOT NULL DEFAULT '0000-00-00 00:00:00',
  PRIMARY KEY (`id`)
) ENGINE=InnoDB AUTO_INCREMENT=17 DEFAULT CHARSET=utf8 COLLATE=utf8_unicode_ci;
/*!40101 SET character_set_client = @saved_cs_client */;

--
-- Dumping data for table `chamadas_clientes`
--

LOCK TABLES `chamadas_clientes` WRITE;
/*!40000 ALTER TABLE `chamadas_clientes` DISABLE KEYS */;
INSERT INTO `chamadas_clientes` VALUES (1,'Mexichem','apresentações institucionais\r\nmaterial para eventos\r\nsistemas e intranet','projetos/apresentacao/mexichem','2015012713572720150119191407p1-1.png','20150127135727clientes8.png',6,'2015-01-27 15:57:27','2015-01-27 16:40:47'),(2,'Bidim','criação de website','projetos/apresentacao/bidim','20150127152941marca-bidim.png','20150127150404rosa-bidim.png',4,'2015-01-27 16:42:47','2015-01-27 17:29:41'),(4,'Cadernos Jandaia','criação de site\r\nhotsites\r\ncampanhas online','projetos/apresentacao/jandaia','20150127152425LOGO_JANDAIA.png','20150127150236jandaia-logo-rosa.png',0,'2015-01-27 16:57:14','2015-01-27 17:24:25'),(5,'Amanco','apresentação institucional','projetos/apresentacao/amanco','20150127152839log-amanco.png','20150127150444rosa-amanco.png',1,'2015-01-27 17:04:44','2015-01-27 17:28:39'),(6,'Faculdade Sequencial','criação de marca\r\ncriação de website\r\nmídias sociais\r\nsistemas','projetos/apresentacao/faculdade','20150127152206marca-facul.png','20150127150548rosa-sequencial.png',2,'2015-01-27 17:05:48','2015-01-27 17:22:06'),(7,'Grupo Meta RH','identidade visual\r\ncriação de websites\r\nmídias sociais','projetos/apresentacao/grupo-meta-rh','20150127151903marca-grupometa.png','20150127150653rosa-meta.png',11,'2015-01-27 17:06:53','2015-01-27 17:19:03'),(9,'Sequencial Escola Técnica','criação de marca\r\ncriação de website\r\nsistemas\r\ncampanhas promocionais','projetos/apresentacao/faculdadesequencial','20150127153503marca-seq.png','20150127153503marca-sequencial.png',3,'2015-01-27 17:35:03','2015-01-27 17:35:03'),(10,'Plastubos','apresentação institucional','projetos/apresentacao/plastubos','20150127154139marca-plastubos.png','20150127154139marca-plastubos-rosa.png',5,'2015-01-27 17:40:15','2015-01-27 17:41:39'),(11,'Colégio Objetivo Saúde','criação de website','projetos/apresentacao/colegio-objetivo','20150127154727marca-objetivo.png','20150127154727marca-objetivo-rosa.png',8,'2015-01-27 17:47:27','2015-01-27 17:47:27'),(12,'Mackey','criação de website\r\npapelaria\r\nimpressos','projetos/apresentacao/mackey','20150127154828marca-mackey.png','20150127154828marca-mackey-rosa.png',12,'2015-01-27 17:48:28','2015-01-27 17:48:28'),(13,'BBQ Chicken','criação de website\r\nmídias sociais','projetos/apresentacao/bbq-chicken','20150127155714marca-bbq.png','20150127155714bbq-rosa.png',7,'2015-01-27 17:56:04','2015-01-27 17:57:14'),(14,'Meta BPO','criação de identidade visual\r\nwebsite\r\nanúncios\r\nimpressos\r\nmídias sociais','projetos/apresentacao/meta-bpo','20150127160147marca-meta.png','20150127160147marca-meta-rosa.png',9,'2015-01-27 18:01:47','2015-01-27 18:01:47'),(15,'Debora Aguiar','criação de website','projetos/apresentacao/debora-aguiar','20150127160224marca-debora.png','20150127175215marca-debora-rosa.png',13,'2015-01-27 18:02:24','2015-01-27 19:52:15'),(16,'Instituto Pieron','criação de website','projetos/apresentacao/instituto-pieron','20150127160614marca-pieron.png','20150127160614pieron-rosa.png',10,'2015-01-27 18:06:14','2015-01-27 18:06:14');
/*!40000 ALTER TABLE `chamadas_clientes` ENABLE KEYS */;
UNLOCK TABLES;

--
-- Table structure for table `clientes`
--

DROP TABLE IF EXISTS `clientes`;
/*!40101 SET @saved_cs_client     = @@character_set_client */;
/*!40101 SET character_set_client = utf8 */;
CREATE TABLE `clientes` (
  `id` int(10) unsigned NOT NULL AUTO_INCREMENT,
  `titulo` varchar(255) COLLATE utf8_unicode_ci NOT NULL,
  `slug` varchar(255) COLLATE utf8_unicode_ci NOT NULL,
  `imagem` varchar(255) COLLATE utf8_unicode_ci NOT NULL,
  `ordem` int(11) NOT NULL,
  `created_at` timestamp NOT NULL DEFAULT '0000-00-00 00:00:00',
  `updated_at` timestamp NOT NULL DEFAULT '0000-00-00 00:00:00',
  PRIMARY KEY (`id`)
) ENGINE=InnoDB AUTO_INCREMENT=50 DEFAULT CHARSET=utf8 COLLATE=utf8_unicode_ci;
/*!40101 SET character_set_client = @saved_cs_client */;

--
-- Dumping data for table `clientes`
--

LOCK TABLES `clientes` WRITE;
/*!40000 ALTER TABLE `clientes` DISABLE KEYS */;
INSERT INTO `clientes` VALUES (1,'Meta BPO','meta-bpo','20150119162220Marca META BPO.jpg',5,'2015-01-07 20:15:30','2015-01-27 14:28:07'),(2,'Sequencial','sequencial','20150120121529se.jpg',4,'2015-01-08 14:47:20','2015-01-27 14:28:08'),(3,'Cadernos Jandaia','cadernos-jandaia','20150120120852Sem-Título-1.jpg',0,'2015-01-09 19:34:29','2015-01-27 14:28:08'),(5,'IPADE','ipade','20150120120440s.jpg',15,'2015-01-09 20:16:37','2015-01-27 14:28:08'),(6,'Grupo Meta RH','grupo-meta-rh','20150119154224marca Grupo MetaRH.jpg',8,'2015-01-19 17:42:24','2015-01-27 14:28:08'),(7,'Liotécnica','liotecnica','20150119162310logo_liotecnica_tecnologia_em_alimentos_fi.jpg',17,'2015-01-19 18:23:11','2015-01-27 14:28:08'),(8,'Casual Móveis','casual-moveis','20150119162404Casual nova marca.png',16,'2015-01-19 18:24:04','2015-01-27 14:28:08'),(9,'Titina Leão','titina-leao','20150123133603titina.png',19,'2015-01-19 18:26:41','2015-01-27 14:28:08'),(10,'Bidim','bidim','20150119163545Logo_Bidim.jpg',2,'2015-01-19 18:35:45','2015-01-27 14:28:08'),(11,'Amanco','amanco','20150119163925logo-amanco-colorido.png',1,'2015-01-19 18:39:25','2015-01-27 14:28:08'),(12,'Objetivo Saúde','objetivo-saude','20150119164703Logo_objetivo_saude.jpg',7,'2015-01-19 18:47:03','2015-01-27 14:28:08'),(13,'Debora Aguiar','debora-aguiar','20150120120045Sem-Título-1.jpg',14,'2015-01-19 18:50:14','2015-01-27 14:28:08'),(14,'Érea','erea','20150119165255erea.jpg',20,'2015-01-19 18:52:55','2015-01-27 14:28:08'),(15,'Projeto Hydros','projeto-hydros','20150122165938logo.jpg',21,'2015-01-19 18:56:02','2015-01-27 14:28:08'),(16,'IPH','iph','20150119171515marca-IPH.png',22,'2015-01-19 19:15:15','2015-01-27 14:28:08'),(17,'Bignardi Papéis','bignardi-papeis','20150119175029logo-grupo-bignardi.png',12,'2015-01-19 19:50:29','2015-01-27 14:28:08'),(18,'Plastubos','plastubos','20150119175608logo_plastubos_slogan_exige.JPG',6,'2015-01-19 19:56:08','2015-01-27 14:28:08'),(19,'Mexichem','mexichem','20150119191407p1-1.png',3,'2015-01-19 20:02:16','2015-01-27 15:00:41'),(20,'Studio Olea','studio-olea','20150119180725Sem-Título-1.jpg',23,'2015-01-19 20:07:25','2015-01-27 14:28:08'),(21,'Southpartner','southpartner','20150119181244marca Southpartner.jpg',24,'2015-01-19 20:12:44','2015-01-27 14:28:08'),(22,'Arycom','arycom','20150119182046Logo-Arycom.jpg',25,'2015-01-19 20:20:46','2015-01-27 14:28:08'),(23,'Mackey','mackey','20150120121442mackey.jpg',11,'2015-01-19 20:35:47','2015-01-27 14:28:08'),(24,'Roberto Migotto','roberto-migotto','20150119190627robertomigotto-home.png',26,'2015-01-19 21:06:27','2015-01-27 14:28:09'),(25,'BBQ Chicken','bbq-chicken','20150119192527Sem-Título-1.jpg',9,'2015-01-19 21:25:27','2015-01-27 14:28:09'),(26,'Meta Executivos','meta-executivos','20150120121700Sem-Título-1.jpg',28,'2015-01-20 13:41:06','2015-01-27 14:28:09'),(27,'Meta News','meta-news','20150120124846square.jpg',29,'2015-01-20 14:48:46','2015-01-27 14:28:09'),(28,'A Nossa Cozinha','a-nossa-cozinha','20150121130021marca_ANossaCozinha_rotisserie.jpg',31,'2015-01-21 15:00:21','2015-01-27 14:28:09'),(29,'Instituto Pieron','instituto-pieron','20150123134540pieron.png',10,'2015-01-23 15:45:40','2015-01-27 14:28:09'),(30,'Maximiliano Crovato','maximiliano-crovato','20150123142953marca-MaximilianoCrovato.jpg',27,'2015-01-23 16:29:53','2015-01-27 14:28:09'),(31,'Led Móveis','led-moveis','20150123143721Logotipo-LED-+-detalhes-redondo.jpg',18,'2015-01-23 16:37:21','2015-01-27 14:28:09'),(32,'Capital Ativo','capital-ativo','20150123151532marca-capital.jpg',32,'2015-01-23 17:10:33','2015-01-27 14:28:09'),(34,'Bamboole','bamboole','20150123151748Marca Bamboole-RGB.jpg',33,'2015-01-23 17:17:48','2015-01-27 14:28:09'),(35,'Kufa&Callado','kufacallado','20150123154935marca-Kufa&Callado.jpg',34,'2015-01-23 17:49:35','2015-01-27 14:28:10'),(36,'Kufa','kufa','20150123163504logo-kufa.jpg',35,'2015-01-23 18:35:08','2015-01-27 14:28:10'),(37,'Thiago Tavella','thiago-tavella','20150126121045Thiago-Tavella---Degrade-Vermelho.jpg',36,'2015-01-26 14:10:45','2015-01-27 14:28:10'),(38,'Stato Móveis','stato-moveis','20150126122804LOGOTIPO-STATO.jpg',37,'2015-01-26 14:28:04','2015-01-27 14:28:10'),(39,'Raro Carmim Eventos','raro-carmim-eventos','20150126130215marca-RaroCarmim-peq.jpg',38,'2015-01-26 15:02:15','2015-01-27 14:28:10'),(40,'Caico de Queiroz','caico-de-queiroz','20150126153805marca-CaicoDeQueiroz.jpg',39,'2015-01-26 17:38:06','2015-01-27 14:28:10'),(41,'Gemte','gemte','20150127133104marca-gente.jpg',40,'2015-01-27 15:27:48','2015-01-27 15:31:04'),(42,'Master Diagnóstica','master-diagnostica','20150129124855MASTERDiagnostica_Marca_CMYK-Gradiente.jpg',41,'2015-01-29 14:48:57','2015-01-29 14:48:57'),(43,'Academia Full Fight','academia-full-fight','20150129134659marca.png',42,'2015-01-29 15:41:51','2015-01-29 15:47:00'),(44,'Diaz Rosa Advogados','diaz-rosa-advogados','20150130184259marca-DiazRosa-horizontal.jpg',43,'2015-01-30 20:42:59','2015-01-30 20:42:59'),(45,'Potenza RH','potenza-rh','20150201152634marca-Potenza.jpg',13,'2015-02-01 17:26:34','2015-02-01 17:26:34'),(46,'Lola Daily','lola-daily','20150201162639Untitled-1.png',44,'2015-02-01 18:24:59','2015-02-01 18:26:39'),(47,'Meta Talentos','meta-talentos','20150201191845marca META Talentos.jpg',30,'2015-02-01 21:18:46','2015-02-01 21:18:46'),(48,'Renato Serigni','renato-serigni','20150201210340logo renato serigni.jpg',45,'2015-02-01 23:03:40','2015-02-01 23:03:40'),(49,'Academia Versus Fight Club','academia-versus-fight-club','20150201211518novaMarca-Versus.png',46,'2015-02-01 23:15:18','2015-02-01 23:15:18');
/*!40000 ALTER TABLE `clientes` ENABLE KEYS */;
UNLOCK TABLES;

--
-- Table structure for table `item_trabalho`
--

DROP TABLE IF EXISTS `item_trabalho`;
/*!40101 SET @saved_cs_client     = @@character_set_client */;
/*!40101 SET character_set_client = utf8 */;
CREATE TABLE `item_trabalho` (
  `id` int(10) unsigned NOT NULL AUTO_INCREMENT,
  `itens_id` int(11) NOT NULL,
  `trabalho_id` int(11) NOT NULL,
  `created_at` timestamp NOT NULL DEFAULT '0000-00-00 00:00:00',
  `updated_at` timestamp NOT NULL DEFAULT '0000-00-00 00:00:00',
  PRIMARY KEY (`id`)
) ENGINE=InnoDB AUTO_INCREMENT=297 DEFAULT CHARSET=utf8 COLLATE=utf8_unicode_ci;
/*!40101 SET character_set_client = @saved_cs_client */;

--
-- Dumping data for table `item_trabalho`
--

LOCK TABLES `item_trabalho` WRITE;
/*!40000 ALTER TABLE `item_trabalho` DISABLE KEYS */;
INSERT INTO `item_trabalho` VALUES (1,1,1,'0000-00-00 00:00:00','0000-00-00 00:00:00'),(2,1,4,'0000-00-00 00:00:00','0000-00-00 00:00:00'),(3,1,2,'0000-00-00 00:00:00','0000-00-00 00:00:00'),(4,1,3,'0000-00-00 00:00:00','0000-00-00 00:00:00'),(5,2,1,'0000-00-00 00:00:00','0000-00-00 00:00:00'),(6,2,4,'0000-00-00 00:00:00','0000-00-00 00:00:00'),(7,2,2,'0000-00-00 00:00:00','0000-00-00 00:00:00'),(8,2,3,'0000-00-00 00:00:00','0000-00-00 00:00:00'),(9,2,5,'0000-00-00 00:00:00','0000-00-00 00:00:00'),(10,3,1,'0000-00-00 00:00:00','0000-00-00 00:00:00'),(11,3,4,'0000-00-00 00:00:00','0000-00-00 00:00:00'),(12,3,2,'0000-00-00 00:00:00','0000-00-00 00:00:00'),(13,3,5,'0000-00-00 00:00:00','0000-00-00 00:00:00'),(14,4,1,'0000-00-00 00:00:00','0000-00-00 00:00:00'),(15,4,4,'0000-00-00 00:00:00','0000-00-00 00:00:00'),(16,4,2,'0000-00-00 00:00:00','0000-00-00 00:00:00'),(17,5,1,'0000-00-00 00:00:00','0000-00-00 00:00:00'),(18,5,4,'0000-00-00 00:00:00','0000-00-00 00:00:00'),(19,5,2,'0000-00-00 00:00:00','0000-00-00 00:00:00'),(20,5,3,'0000-00-00 00:00:00','0000-00-00 00:00:00'),(21,5,5,'0000-00-00 00:00:00','0000-00-00 00:00:00'),(22,6,1,'0000-00-00 00:00:00','0000-00-00 00:00:00'),(23,6,2,'0000-00-00 00:00:00','0000-00-00 00:00:00'),(24,7,1,'0000-00-00 00:00:00','0000-00-00 00:00:00'),(25,7,4,'0000-00-00 00:00:00','0000-00-00 00:00:00'),(26,7,2,'0000-00-00 00:00:00','0000-00-00 00:00:00'),(27,7,5,'0000-00-00 00:00:00','0000-00-00 00:00:00'),(28,8,1,'0000-00-00 00:00:00','0000-00-00 00:00:00'),(29,8,2,'0000-00-00 00:00:00','0000-00-00 00:00:00'),(30,8,3,'0000-00-00 00:00:00','0000-00-00 00:00:00'),(31,8,5,'0000-00-00 00:00:00','0000-00-00 00:00:00'),(32,9,1,'0000-00-00 00:00:00','0000-00-00 00:00:00'),(33,9,2,'0000-00-00 00:00:00','0000-00-00 00:00:00'),(34,9,5,'0000-00-00 00:00:00','0000-00-00 00:00:00'),(35,10,1,'0000-00-00 00:00:00','0000-00-00 00:00:00'),(36,10,4,'0000-00-00 00:00:00','0000-00-00 00:00:00'),(37,10,2,'0000-00-00 00:00:00','0000-00-00 00:00:00'),(38,10,5,'0000-00-00 00:00:00','0000-00-00 00:00:00'),(39,11,1,'0000-00-00 00:00:00','0000-00-00 00:00:00'),(40,11,4,'0000-00-00 00:00:00','0000-00-00 00:00:00'),(41,11,2,'0000-00-00 00:00:00','0000-00-00 00:00:00'),(42,11,5,'0000-00-00 00:00:00','0000-00-00 00:00:00'),(43,12,1,'0000-00-00 00:00:00','0000-00-00 00:00:00'),(44,12,4,'0000-00-00 00:00:00','0000-00-00 00:00:00'),(45,12,2,'0000-00-00 00:00:00','0000-00-00 00:00:00'),(46,12,5,'0000-00-00 00:00:00','0000-00-00 00:00:00'),(47,13,1,'0000-00-00 00:00:00','0000-00-00 00:00:00'),(48,13,4,'0000-00-00 00:00:00','0000-00-00 00:00:00'),(49,13,2,'0000-00-00 00:00:00','0000-00-00 00:00:00'),(50,13,5,'0000-00-00 00:00:00','0000-00-00 00:00:00'),(51,14,1,'0000-00-00 00:00:00','0000-00-00 00:00:00'),(52,14,4,'0000-00-00 00:00:00','0000-00-00 00:00:00'),(53,14,2,'0000-00-00 00:00:00','0000-00-00 00:00:00'),(54,14,3,'0000-00-00 00:00:00','0000-00-00 00:00:00'),(55,14,5,'0000-00-00 00:00:00','0000-00-00 00:00:00'),(56,15,1,'0000-00-00 00:00:00','0000-00-00 00:00:00'),(57,15,4,'0000-00-00 00:00:00','0000-00-00 00:00:00'),(58,15,2,'0000-00-00 00:00:00','0000-00-00 00:00:00'),(59,15,5,'0000-00-00 00:00:00','0000-00-00 00:00:00'),(60,16,1,'0000-00-00 00:00:00','0000-00-00 00:00:00'),(61,16,4,'0000-00-00 00:00:00','0000-00-00 00:00:00'),(62,16,2,'0000-00-00 00:00:00','0000-00-00 00:00:00'),(63,16,3,'0000-00-00 00:00:00','0000-00-00 00:00:00'),(64,16,5,'0000-00-00 00:00:00','0000-00-00 00:00:00'),(65,17,1,'0000-00-00 00:00:00','0000-00-00 00:00:00'),(66,17,4,'0000-00-00 00:00:00','0000-00-00 00:00:00'),(67,17,2,'0000-00-00 00:00:00','0000-00-00 00:00:00'),(68,17,5,'0000-00-00 00:00:00','0000-00-00 00:00:00'),(69,18,1,'0000-00-00 00:00:00','0000-00-00 00:00:00'),(70,18,2,'0000-00-00 00:00:00','0000-00-00 00:00:00'),(71,19,1,'0000-00-00 00:00:00','0000-00-00 00:00:00'),(72,19,4,'0000-00-00 00:00:00','0000-00-00 00:00:00'),(73,19,2,'0000-00-00 00:00:00','0000-00-00 00:00:00'),(74,19,5,'0000-00-00 00:00:00','0000-00-00 00:00:00'),(75,20,1,'0000-00-00 00:00:00','0000-00-00 00:00:00'),(76,20,4,'0000-00-00 00:00:00','0000-00-00 00:00:00'),(77,20,2,'0000-00-00 00:00:00','0000-00-00 00:00:00'),(78,20,5,'0000-00-00 00:00:00','0000-00-00 00:00:00'),(79,21,1,'0000-00-00 00:00:00','0000-00-00 00:00:00'),(80,21,4,'0000-00-00 00:00:00','0000-00-00 00:00:00'),(81,21,2,'0000-00-00 00:00:00','0000-00-00 00:00:00'),(82,21,3,'0000-00-00 00:00:00','0000-00-00 00:00:00'),(83,21,5,'0000-00-00 00:00:00','0000-00-00 00:00:00'),(84,22,1,'0000-00-00 00:00:00','0000-00-00 00:00:00'),(85,22,4,'0000-00-00 00:00:00','0000-00-00 00:00:00'),(86,22,2,'0000-00-00 00:00:00','0000-00-00 00:00:00'),(87,22,3,'0000-00-00 00:00:00','0000-00-00 00:00:00'),(88,22,5,'0000-00-00 00:00:00','0000-00-00 00:00:00'),(89,23,1,'0000-00-00 00:00:00','0000-00-00 00:00:00'),(90,23,2,'0000-00-00 00:00:00','0000-00-00 00:00:00'),(91,24,1,'0000-00-00 00:00:00','0000-00-00 00:00:00'),(92,24,4,'0000-00-00 00:00:00','0000-00-00 00:00:00'),(93,24,2,'0000-00-00 00:00:00','0000-00-00 00:00:00'),(94,24,3,'0000-00-00 00:00:00','0000-00-00 00:00:00'),(95,24,5,'0000-00-00 00:00:00','0000-00-00 00:00:00'),(96,25,1,'0000-00-00 00:00:00','0000-00-00 00:00:00'),(97,25,4,'0000-00-00 00:00:00','0000-00-00 00:00:00'),(98,25,2,'0000-00-00 00:00:00','0000-00-00 00:00:00'),(99,25,3,'0000-00-00 00:00:00','0000-00-00 00:00:00'),(100,25,5,'0000-00-00 00:00:00','0000-00-00 00:00:00'),(101,26,1,'0000-00-00 00:00:00','0000-00-00 00:00:00'),(102,26,4,'0000-00-00 00:00:00','0000-00-00 00:00:00'),(103,26,2,'0000-00-00 00:00:00','0000-00-00 00:00:00'),(104,26,5,'0000-00-00 00:00:00','0000-00-00 00:00:00'),(105,27,1,'0000-00-00 00:00:00','0000-00-00 00:00:00'),(106,27,2,'0000-00-00 00:00:00','0000-00-00 00:00:00'),(107,28,1,'0000-00-00 00:00:00','0000-00-00 00:00:00'),(109,28,2,'0000-00-00 00:00:00','0000-00-00 00:00:00'),(112,29,1,'0000-00-00 00:00:00','0000-00-00 00:00:00'),(113,29,2,'0000-00-00 00:00:00','0000-00-00 00:00:00'),(114,31,1,'0000-00-00 00:00:00','0000-00-00 00:00:00'),(115,31,2,'0000-00-00 00:00:00','0000-00-00 00:00:00'),(116,32,1,'0000-00-00 00:00:00','0000-00-00 00:00:00'),(117,32,4,'0000-00-00 00:00:00','0000-00-00 00:00:00'),(118,32,2,'0000-00-00 00:00:00','0000-00-00 00:00:00'),(119,32,5,'0000-00-00 00:00:00','0000-00-00 00:00:00'),(120,33,1,'0000-00-00 00:00:00','0000-00-00 00:00:00'),(121,33,2,'0000-00-00 00:00:00','0000-00-00 00:00:00'),(122,34,1,'0000-00-00 00:00:00','0000-00-00 00:00:00'),(123,34,4,'0000-00-00 00:00:00','0000-00-00 00:00:00'),(124,34,2,'0000-00-00 00:00:00','0000-00-00 00:00:00'),(125,34,5,'0000-00-00 00:00:00','0000-00-00 00:00:00'),(126,38,1,'0000-00-00 00:00:00','0000-00-00 00:00:00'),(127,38,2,'0000-00-00 00:00:00','0000-00-00 00:00:00'),(128,39,1,'0000-00-00 00:00:00','0000-00-00 00:00:00'),(129,39,4,'0000-00-00 00:00:00','0000-00-00 00:00:00'),(130,39,2,'0000-00-00 00:00:00','0000-00-00 00:00:00'),(131,39,3,'0000-00-00 00:00:00','0000-00-00 00:00:00'),(132,39,5,'0000-00-00 00:00:00','0000-00-00 00:00:00'),(133,40,1,'0000-00-00 00:00:00','0000-00-00 00:00:00'),(134,40,2,'0000-00-00 00:00:00','0000-00-00 00:00:00'),(135,41,1,'0000-00-00 00:00:00','0000-00-00 00:00:00'),(136,41,2,'0000-00-00 00:00:00','0000-00-00 00:00:00'),(137,42,1,'0000-00-00 00:00:00','0000-00-00 00:00:00'),(138,42,4,'0000-00-00 00:00:00','0000-00-00 00:00:00'),(139,42,2,'0000-00-00 00:00:00','0000-00-00 00:00:00'),(140,43,1,'0000-00-00 00:00:00','0000-00-00 00:00:00'),(141,43,2,'0000-00-00 00:00:00','0000-00-00 00:00:00'),(142,44,1,'0000-00-00 00:00:00','0000-00-00 00:00:00'),(143,44,2,'0000-00-00 00:00:00','0000-00-00 00:00:00'),(144,45,1,'0000-00-00 00:00:00','0000-00-00 00:00:00'),(145,45,4,'0000-00-00 00:00:00','0000-00-00 00:00:00'),(146,45,2,'0000-00-00 00:00:00','0000-00-00 00:00:00'),(147,45,3,'0000-00-00 00:00:00','0000-00-00 00:00:00'),(148,45,5,'0000-00-00 00:00:00','0000-00-00 00:00:00'),(149,46,1,'0000-00-00 00:00:00','0000-00-00 00:00:00'),(151,46,2,'0000-00-00 00:00:00','0000-00-00 00:00:00'),(154,47,1,'0000-00-00 00:00:00','0000-00-00 00:00:00'),(155,47,4,'0000-00-00 00:00:00','0000-00-00 00:00:00'),(156,47,2,'0000-00-00 00:00:00','0000-00-00 00:00:00'),(157,47,5,'0000-00-00 00:00:00','0000-00-00 00:00:00'),(158,48,1,'0000-00-00 00:00:00','0000-00-00 00:00:00'),(159,48,4,'0000-00-00 00:00:00','0000-00-00 00:00:00'),(160,48,2,'0000-00-00 00:00:00','0000-00-00 00:00:00'),(161,48,5,'0000-00-00 00:00:00','0000-00-00 00:00:00'),(162,49,1,'0000-00-00 00:00:00','0000-00-00 00:00:00'),(163,49,2,'0000-00-00 00:00:00','0000-00-00 00:00:00'),(164,50,1,'0000-00-00 00:00:00','0000-00-00 00:00:00'),(165,50,4,'0000-00-00 00:00:00','0000-00-00 00:00:00'),(166,50,2,'0000-00-00 00:00:00','0000-00-00 00:00:00'),(167,50,3,'0000-00-00 00:00:00','0000-00-00 00:00:00'),(168,50,5,'0000-00-00 00:00:00','0000-00-00 00:00:00'),(169,51,1,'0000-00-00 00:00:00','0000-00-00 00:00:00'),(170,51,2,'0000-00-00 00:00:00','0000-00-00 00:00:00'),(171,52,1,'0000-00-00 00:00:00','0000-00-00 00:00:00'),(172,52,2,'0000-00-00 00:00:00','0000-00-00 00:00:00'),(173,53,1,'0000-00-00 00:00:00','0000-00-00 00:00:00'),(174,53,4,'0000-00-00 00:00:00','0000-00-00 00:00:00'),(175,53,2,'0000-00-00 00:00:00','0000-00-00 00:00:00'),(176,54,1,'0000-00-00 00:00:00','0000-00-00 00:00:00'),(177,54,2,'0000-00-00 00:00:00','0000-00-00 00:00:00'),(178,56,1,'0000-00-00 00:00:00','0000-00-00 00:00:00'),(179,56,4,'0000-00-00 00:00:00','0000-00-00 00:00:00'),(180,56,2,'0000-00-00 00:00:00','0000-00-00 00:00:00'),(181,57,1,'0000-00-00 00:00:00','0000-00-00 00:00:00'),(183,57,2,'0000-00-00 00:00:00','0000-00-00 00:00:00'),(185,58,1,'0000-00-00 00:00:00','0000-00-00 00:00:00'),(187,58,2,'0000-00-00 00:00:00','0000-00-00 00:00:00'),(189,59,1,'0000-00-00 00:00:00','0000-00-00 00:00:00'),(190,59,4,'0000-00-00 00:00:00','0000-00-00 00:00:00'),(191,59,2,'0000-00-00 00:00:00','0000-00-00 00:00:00'),(192,59,3,'0000-00-00 00:00:00','0000-00-00 00:00:00'),(193,60,1,'0000-00-00 00:00:00','0000-00-00 00:00:00'),(194,60,2,'0000-00-00 00:00:00','0000-00-00 00:00:00'),(195,61,1,'0000-00-00 00:00:00','0000-00-00 00:00:00'),(196,61,2,'0000-00-00 00:00:00','0000-00-00 00:00:00'),(197,62,1,'0000-00-00 00:00:00','0000-00-00 00:00:00'),(198,62,4,'0000-00-00 00:00:00','0000-00-00 00:00:00'),(199,62,2,'0000-00-00 00:00:00','0000-00-00 00:00:00'),(200,62,3,'0000-00-00 00:00:00','0000-00-00 00:00:00'),(201,62,5,'0000-00-00 00:00:00','0000-00-00 00:00:00'),(202,62,9,'0000-00-00 00:00:00','0000-00-00 00:00:00'),(203,62,10,'0000-00-00 00:00:00','0000-00-00 00:00:00'),(204,51,11,'0000-00-00 00:00:00','0000-00-00 00:00:00'),(205,51,12,'0000-00-00 00:00:00','0000-00-00 00:00:00'),(206,63,1,'0000-00-00 00:00:00','0000-00-00 00:00:00'),(207,63,15,'0000-00-00 00:00:00','0000-00-00 00:00:00'),(208,63,2,'0000-00-00 00:00:00','0000-00-00 00:00:00'),(212,63,11,'0000-00-00 00:00:00','0000-00-00 00:00:00'),(213,63,12,'0000-00-00 00:00:00','0000-00-00 00:00:00'),(214,63,13,'0000-00-00 00:00:00','0000-00-00 00:00:00'),(215,58,15,'0000-00-00 00:00:00','0000-00-00 00:00:00'),(216,58,11,'0000-00-00 00:00:00','0000-00-00 00:00:00'),(217,58,12,'0000-00-00 00:00:00','0000-00-00 00:00:00'),(218,57,15,'0000-00-00 00:00:00','0000-00-00 00:00:00'),(219,57,11,'0000-00-00 00:00:00','0000-00-00 00:00:00'),(220,57,12,'0000-00-00 00:00:00','0000-00-00 00:00:00'),(221,58,13,'0000-00-00 00:00:00','0000-00-00 00:00:00'),(222,51,15,'0000-00-00 00:00:00','0000-00-00 00:00:00'),(223,46,15,'0000-00-00 00:00:00','0000-00-00 00:00:00'),(224,46,11,'0000-00-00 00:00:00','0000-00-00 00:00:00'),(225,46,12,'0000-00-00 00:00:00','0000-00-00 00:00:00'),(226,46,13,'0000-00-00 00:00:00','0000-00-00 00:00:00'),(227,49,15,'0000-00-00 00:00:00','0000-00-00 00:00:00'),(228,49,11,'0000-00-00 00:00:00','0000-00-00 00:00:00'),(229,49,12,'0000-00-00 00:00:00','0000-00-00 00:00:00'),(230,49,13,'0000-00-00 00:00:00','0000-00-00 00:00:00'),(231,54,15,'0000-00-00 00:00:00','0000-00-00 00:00:00'),(232,54,11,'0000-00-00 00:00:00','0000-00-00 00:00:00'),(233,54,12,'0000-00-00 00:00:00','0000-00-00 00:00:00'),(234,54,13,'0000-00-00 00:00:00','0000-00-00 00:00:00'),(235,43,15,'0000-00-00 00:00:00','0000-00-00 00:00:00'),(236,43,11,'0000-00-00 00:00:00','0000-00-00 00:00:00'),(237,43,12,'0000-00-00 00:00:00','0000-00-00 00:00:00'),(238,43,13,'0000-00-00 00:00:00','0000-00-00 00:00:00'),(239,38,15,'0000-00-00 00:00:00','0000-00-00 00:00:00'),(240,38,12,'0000-00-00 00:00:00','0000-00-00 00:00:00'),(241,40,15,'0000-00-00 00:00:00','0000-00-00 00:00:00'),(242,40,12,'0000-00-00 00:00:00','0000-00-00 00:00:00'),(243,40,13,'0000-00-00 00:00:00','0000-00-00 00:00:00'),(244,6,15,'0000-00-00 00:00:00','0000-00-00 00:00:00'),(245,6,11,'0000-00-00 00:00:00','0000-00-00 00:00:00'),(246,6,12,'0000-00-00 00:00:00','0000-00-00 00:00:00'),(247,6,13,'0000-00-00 00:00:00','0000-00-00 00:00:00'),(248,33,15,'0000-00-00 00:00:00','0000-00-00 00:00:00'),(249,33,11,'0000-00-00 00:00:00','0000-00-00 00:00:00'),(250,33,12,'0000-00-00 00:00:00','0000-00-00 00:00:00'),(251,18,15,'0000-00-00 00:00:00','0000-00-00 00:00:00'),(252,18,11,'0000-00-00 00:00:00','0000-00-00 00:00:00'),(253,18,12,'0000-00-00 00:00:00','0000-00-00 00:00:00'),(254,18,13,'0000-00-00 00:00:00','0000-00-00 00:00:00'),(255,28,15,'0000-00-00 00:00:00','0000-00-00 00:00:00'),(256,28,12,'0000-00-00 00:00:00','0000-00-00 00:00:00'),(257,28,13,'0000-00-00 00:00:00','0000-00-00 00:00:00'),(258,59,5,'0000-00-00 00:00:00','0000-00-00 00:00:00'),(259,59,14,'0000-00-00 00:00:00','0000-00-00 00:00:00'),(260,30,1,'0000-00-00 00:00:00','0000-00-00 00:00:00'),(261,30,4,'0000-00-00 00:00:00','0000-00-00 00:00:00'),(262,30,15,'0000-00-00 00:00:00','0000-00-00 00:00:00'),(263,30,2,'0000-00-00 00:00:00','0000-00-00 00:00:00'),(264,30,5,'0000-00-00 00:00:00','0000-00-00 00:00:00'),(265,30,7,'0000-00-00 00:00:00','0000-00-00 00:00:00'),(266,22,15,'0000-00-00 00:00:00','0000-00-00 00:00:00'),(267,22,10,'0000-00-00 00:00:00','0000-00-00 00:00:00'),(268,22,14,'0000-00-00 00:00:00','0000-00-00 00:00:00'),(269,23,11,'0000-00-00 00:00:00','0000-00-00 00:00:00'),(270,23,13,'0000-00-00 00:00:00','0000-00-00 00:00:00'),(271,21,15,'0000-00-00 00:00:00','0000-00-00 00:00:00'),(272,64,1,'0000-00-00 00:00:00','0000-00-00 00:00:00'),(273,64,15,'0000-00-00 00:00:00','0000-00-00 00:00:00'),(274,64,11,'0000-00-00 00:00:00','0000-00-00 00:00:00'),(275,64,12,'0000-00-00 00:00:00','0000-00-00 00:00:00'),(276,64,13,'0000-00-00 00:00:00','0000-00-00 00:00:00'),(277,65,1,'0000-00-00 00:00:00','0000-00-00 00:00:00'),(278,65,15,'0000-00-00 00:00:00','0000-00-00 00:00:00'),(279,65,2,'0000-00-00 00:00:00','0000-00-00 00:00:00'),(280,65,11,'0000-00-00 00:00:00','0000-00-00 00:00:00'),(281,65,12,'0000-00-00 00:00:00','0000-00-00 00:00:00'),(282,65,13,'0000-00-00 00:00:00','0000-00-00 00:00:00'),(283,66,1,'0000-00-00 00:00:00','0000-00-00 00:00:00'),(284,66,15,'0000-00-00 00:00:00','0000-00-00 00:00:00'),(285,66,2,'0000-00-00 00:00:00','0000-00-00 00:00:00'),(286,66,11,'0000-00-00 00:00:00','0000-00-00 00:00:00'),(287,66,12,'0000-00-00 00:00:00','0000-00-00 00:00:00'),(288,66,13,'0000-00-00 00:00:00','0000-00-00 00:00:00'),(289,67,1,'0000-00-00 00:00:00','0000-00-00 00:00:00'),(290,67,15,'0000-00-00 00:00:00','0000-00-00 00:00:00'),(291,67,13,'0000-00-00 00:00:00','0000-00-00 00:00:00'),(292,68,1,'0000-00-00 00:00:00','0000-00-00 00:00:00'),(293,69,1,'0000-00-00 00:00:00','0000-00-00 00:00:00'),(294,70,1,'0000-00-00 00:00:00','0000-00-00 00:00:00'),(295,71,1,'0000-00-00 00:00:00','0000-00-00 00:00:00'),(296,72,1,'0000-00-00 00:00:00','0000-00-00 00:00:00');
/*!40000 ALTER TABLE `item_trabalho` ENABLE KEYS */;
UNLOCK TABLES;

--
-- Table structure for table `itens`
--

DROP TABLE IF EXISTS `itens`;
/*!40101 SET @saved_cs_client     = @@character_set_client */;
/*!40101 SET character_set_client = utf8 */;
CREATE TABLE `itens` (
  `id` int(10) unsigned NOT NULL AUTO_INCREMENT,
  `titulo` varchar(255) COLLATE utf8_unicode_ci NOT NULL,
  `slug` varchar(255) COLLATE utf8_unicode_ci NOT NULL,
  `icone` varchar(255) COLLATE utf8_unicode_ci NOT NULL,
  `ordem` int(11) NOT NULL,
  `created_at` timestamp NOT NULL DEFAULT '0000-00-00 00:00:00',
  `updated_at` timestamp NOT NULL DEFAULT '0000-00-00 00:00:00',
  PRIMARY KEY (`id`)
) ENGINE=InnoDB AUTO_INCREMENT=16 DEFAULT CHARSET=utf8 COLLATE=utf8_unicode_ci;
/*!40101 SET character_set_client = @saved_cs_client */;

--
-- Dumping data for table `itens`
--

LOCK TABLES `itens` WRITE;
/*!40000 ALTER TABLE `itens` DISABLE KEYS */;
INSERT INTO `itens` VALUES (1,'Concepção / Criação','concepcao-criacao','20150201170704concepcao-criacao.png',0,'2015-01-07 20:55:17','2015-02-01 19:07:04'),(2,'Design personalizado e único','design-personalizado-e-unico','20150201170722design-unico.png',3,'2015-01-07 20:55:38','2015-02-01 19:07:22'),(3,'Manutenção Técnica','manutencao-tecnica','20150201170731manutencao-tecnica.png',4,'2015-01-07 20:55:59','2015-02-01 19:07:31'),(4,'Desenvolvimento / Programação Web','desenvolvimento-programacao-web','20150201170712desenvolvimento-programacao-web.png',1,'2015-01-07 20:56:22','2015-02-01 19:07:12'),(5,'Produção de Conteúdo Digital','producao-de-conteudo-digital','20150201170739producao-conteudo-digital.png',5,'2015-01-07 20:56:35','2015-02-01 19:07:39'),(6,'Design responsivo','design-responsivo','20150201170807responsive-design.png',6,'2015-02-01 19:08:07','2015-02-01 19:08:07'),(7,'Exclusiva versão mobile','exclusiva-versao-mobile','20150201170828versao-mobile.png',7,'2015-02-01 19:08:28','2015-02-01 19:08:28'),(8,'Funcionalidades especiais','funcionalidades-especiais','20150201170850funcionalidades-especiais.png',8,'2015-02-01 19:08:50','2015-02-01 19:08:50'),(9,'Marketing Digital','marketing-digital','20150201170907marketing-digital.png',9,'2015-02-01 19:09:07','2015-02-01 19:09:07'),(10,'Redes Sociais / Presença digital','redes-sociais-presenca-digital','20150201170931redes-sociais-presenca-digital.png',10,'2015-02-01 19:09:31','2015-02-01 19:09:31'),(11,'Arte finalização','arte-finalizacao','20150201170944arte-finalizacao.png',11,'2015-02-01 19:09:44','2015-02-01 19:09:44'),(12,'Manual de Aplicação','manual-de-aplicacao','20150201171005manual-de-aplicacao-branding.png',12,'2015-02-01 19:10:05','2015-02-01 19:10:05'),(13,'Supervisão de Produção Gráfica','supervisao-de-producao-grafica','20150201171019supervisao-producao-grafica.png',13,'2015-02-01 19:10:19','2015-02-01 19:10:19'),(14,'E-commerce / Venda pela internet','e-commerce-venda-pela-internet','20150201171042e-commerce.png',14,'2015-02-01 19:10:42','2015-02-01 19:10:42'),(15,'Desenvolvimento / design','desenvolvimento-design','20150201195626desenvolvimento-design.png',2,'2015-02-01 21:56:26','2015-02-01 21:56:26');
/*!40000 ALTER TABLE `itens` ENABLE KEYS */;
UNLOCK TABLES;

--
-- Table structure for table `migrations`
--

DROP TABLE IF EXISTS `migrations`;
/*!40101 SET @saved_cs_client     = @@character_set_client */;
/*!40101 SET character_set_client = utf8 */;
CREATE TABLE `migrations` (
  `migration` varchar(255) COLLATE utf8_unicode_ci NOT NULL,
  `batch` int(11) NOT NULL
) ENGINE=InnoDB DEFAULT CHARSET=utf8 COLLATE=utf8_unicode_ci;
/*!40101 SET character_set_client = @saved_cs_client */;

--
-- Dumping data for table `migrations`
--

LOCK TABLES `migrations` WRITE;
/*!40000 ALTER TABLE `migrations` DISABLE KEYS */;
INSERT INTO `migrations` VALUES ('2014_10_27_134244_create_usuarios_table',1),('2014_11_25_152530_create_clientes_table',1),('2014_11_25_152548_create_apresentacao_table',1),('2014_11_25_152604_create_trabalhos_table',1),('2014_11_25_152623_create_trabalhos_imagens_table',1),('2014_11_25_153017_create_tipos_table',1),('2014_11_25_153028_create_itens_table',1),('2014_12_23_144632_create_trabalho_itens_rel_table',1),('2015_01_07_175415_create_apresentacao_imagens_table',1),('2015_01_07_175822_create_apresentacao_itens_table',1),('2015_01_08_133332_alter_trabalhos_table',2),('2015_01_14_150653_create_atuacao_table',3),('2015_01_14_150813_create_servicos_table',3),('2015_01_15_181149_create_servico_trabalho_table',4),('2015_01_26_175928_create_banners_table',5),('2015_01_27_132238_create_chamadas_clientes_table',6),('2015_02_02_174921_create_tipo_trabalho_table',7),('2015_02_02_180642_alter_trabalho_table_remove_tipo',8);
/*!40000 ALTER TABLE `migrations` ENABLE KEYS */;
UNLOCK TABLES;

--
-- Table structure for table `servico_trabalho`
--

DROP TABLE IF EXISTS `servico_trabalho`;
/*!40101 SET @saved_cs_client     = @@character_set_client */;
/*!40101 SET character_set_client = utf8 */;
CREATE TABLE `servico_trabalho` (
  `id` int(10) unsigned NOT NULL AUTO_INCREMENT,
  `servicos_id` int(11) NOT NULL,
  `trabalho_id` int(11) NOT NULL,
  `created_at` timestamp NOT NULL DEFAULT '0000-00-00 00:00:00',
  `updated_at` timestamp NOT NULL DEFAULT '0000-00-00 00:00:00',
  PRIMARY KEY (`id`)
) ENGINE=InnoDB AUTO_INCREMENT=38 DEFAULT CHARSET=utf8 COLLATE=utf8_unicode_ci;
/*!40101 SET character_set_client = @saved_cs_client */;

--
-- Dumping data for table `servico_trabalho`
--

LOCK TABLES `servico_trabalho` WRITE;
/*!40000 ALTER TABLE `servico_trabalho` DISABLE KEYS */;
INSERT INTO `servico_trabalho` VALUES (1,1,3,'0000-00-00 00:00:00','0000-00-00 00:00:00'),(3,1,1,'0000-00-00 00:00:00','0000-00-00 00:00:00'),(5,4,3,'0000-00-00 00:00:00','0000-00-00 00:00:00'),(6,4,1,'0000-00-00 00:00:00','0000-00-00 00:00:00'),(7,5,3,'0000-00-00 00:00:00','0000-00-00 00:00:00'),(8,5,1,'0000-00-00 00:00:00','0000-00-00 00:00:00'),(9,6,2,'0000-00-00 00:00:00','0000-00-00 00:00:00'),(10,6,3,'0000-00-00 00:00:00','0000-00-00 00:00:00'),(11,6,1,'0000-00-00 00:00:00','0000-00-00 00:00:00'),(12,1,20,'0000-00-00 00:00:00','0000-00-00 00:00:00'),(13,1,8,'0000-00-00 00:00:00','0000-00-00 00:00:00'),(14,1,17,'0000-00-00 00:00:00','0000-00-00 00:00:00'),(15,8,6,'0000-00-00 00:00:00','0000-00-00 00:00:00'),(16,3,49,'0000-00-00 00:00:00','0000-00-00 00:00:00'),(17,8,28,'0000-00-00 00:00:00','0000-00-00 00:00:00'),(18,8,40,'0000-00-00 00:00:00','0000-00-00 00:00:00'),(19,17,18,'0000-00-00 00:00:00','0000-00-00 00:00:00'),(20,17,23,'0000-00-00 00:00:00','0000-00-00 00:00:00'),(22,9,51,'0000-00-00 00:00:00','0000-00-00 00:00:00'),(23,17,58,'0000-00-00 00:00:00','0000-00-00 00:00:00'),(24,18,49,'0000-00-00 00:00:00','0000-00-00 00:00:00'),(25,19,28,'0000-00-00 00:00:00','0000-00-00 00:00:00'),(26,19,63,'0000-00-00 00:00:00','0000-00-00 00:00:00'),(27,19,40,'0000-00-00 00:00:00','0000-00-00 00:00:00'),(28,20,18,'0000-00-00 00:00:00','0000-00-00 00:00:00'),(30,20,58,'0000-00-00 00:00:00','0000-00-00 00:00:00'),(31,21,51,'0000-00-00 00:00:00','0000-00-00 00:00:00'),(32,21,54,'0000-00-00 00:00:00','0000-00-00 00:00:00'),(33,20,57,'0000-00-00 00:00:00','0000-00-00 00:00:00'),(34,23,31,'0000-00-00 00:00:00','0000-00-00 00:00:00'),(35,23,23,'0000-00-00 00:00:00','0000-00-00 00:00:00'),(36,23,41,'0000-00-00 00:00:00','0000-00-00 00:00:00'),(37,28,27,'0000-00-00 00:00:00','0000-00-00 00:00:00');
/*!40000 ALTER TABLE `servico_trabalho` ENABLE KEYS */;
UNLOCK TABLES;

--
-- Table structure for table `servicos`
--

DROP TABLE IF EXISTS `servicos`;
/*!40101 SET @saved_cs_client     = @@character_set_client */;
/*!40101 SET character_set_client = utf8 */;
CREATE TABLE `servicos` (
  `id` int(10) unsigned NOT NULL AUTO_INCREMENT,
  `atuacao_id` int(11) NOT NULL,
  `titulo` varchar(255) COLLATE utf8_unicode_ci NOT NULL,
  `slug` varchar(255) COLLATE utf8_unicode_ci NOT NULL,
  `texto` text COLLATE utf8_unicode_ci NOT NULL,
  `ordem` int(11) NOT NULL,
  `created_at` timestamp NOT NULL DEFAULT '0000-00-00 00:00:00',
  `updated_at` timestamp NOT NULL DEFAULT '0000-00-00 00:00:00',
  PRIMARY KEY (`id`)
) ENGINE=InnoDB AUTO_INCREMENT=30 DEFAULT CHARSET=utf8 COLLATE=utf8_unicode_ci;
/*!40101 SET character_set_client = @saved_cs_client */;

--
-- Dumping data for table `servicos`
--

LOCK TABLES `servicos` WRITE;
/*!40000 ALTER TABLE `servicos` DISABLE KEYS */;
INSERT INTO `servicos` VALUES (4,7,'comunicação e design','comunicacao-e-design','<p>Rapidiously empower prospective internal or &quot;organic&quot; sources and global innovation. Quickly administrate alternative e-business with progressive users. Seamlessly aggregate client-focused infomediaries through transparent ROI. Appropriately supply optimal users vis-a-vis empowered leadership. Globally pursue global information without standardized infomediaries.</p>\r\n\r\n<p>Quickly pontificate multidisciplinary initiatives through ethical manufactured products. Assertively implement stand-alone expertise vis-a-vis economically sound infomediaries. Seamlessly redefine leveraged architectures before.</p>\r\n',0,'2015-01-16 18:06:03','2015-01-16 18:06:56'),(6,4,'Websites','websites','',0,'2015-01-16 18:52:58','2015-01-16 18:52:58'),(18,2,'naming','naming','<p>Cria&ccedil;&atilde;o de nomes para novas empresas ou produtos. Pesquisa, significado e inova&ccedil;&atilde;o guiam o trabalho para encontrar o nome que vai personificar o desejo do cliente.</p>\r\n',0,'2015-02-01 22:36:54','2015-02-01 22:36:54'),(19,2,'criação de marcas | logotipos','criacao-de-marcas-logotipos','<p>Pe&ccedil;a principal do branding de uma empresa, a cria&ccedil;&atilde;o de marcas define a personalidade do neg&oacute;cio e pode contribuir fortemente para seu sucesso ou fracasso.</p>\r\n\r\n<p>A cria&ccedil;&atilde;o de marcas na Trupe conta com forte trabalho de pesquisa e estudos gr&aacute;ficos e s&oacute; &eacute; finalizada quando o cliente estiver 100% satisfeito com o resultado. Ao final do trabalho s&atilde;o entregues arquivos em diversos formatos digitais da marca finalizada - para diversas aplica&ccedil;&otilde;es - e um Manual de Marca que cont&eacute;m instru&ccedil;&otilde;es simplificadas de como usar a marca em diferentes aplica&ccedil;&otilde;es.</p>\r\n',2,'2015-02-01 22:39:01','2015-02-01 23:54:24'),(20,2,'revitalização de marcas','revitalizacao-de-marcas','<p>Para manter-se desejada com o passar do tempo a marca deve acompanhar as mudan&ccedil;as e manter-se atual. A percep&ccedil;&atilde;o geral do mundo a respeito do design muda com as gera&ccedil;&otilde;es e revitalizar marcas &eacute; uma forma de mostrar que ela n&atilde;o est&aacute; parada no tempo, que atende a gera&ccedil;&atilde;o atual e sabe o que esta deseja.</p>\r\n\r\n<p>Revitalizar uma marca &eacute; atualizar seu desenho sem perder sua ess&ecirc;ncia, sem fazer algo distoante do que a marca j&aacute; diz h&aacute; muito tempo. Revitalizar &eacute; ajustar a forma para continuar com a mensagem principal acrescentando inova&ccedil;&atilde;o &agrave; imagem para o mercado.</p>\r\n',3,'2015-02-01 22:45:09','2015-02-01 22:45:09'),(21,2,'redesenho/reformulação de marca','redesenhoreformulacao-de-marca','<p>Muitas vezes a cria&ccedil;&atilde;o inicial da marca, quando feita h&aacute; muito tempo ou quando n&atilde;o contou com um estudo profissional para sua cria&ccedil;&atilde;o, atinge um ponto de necessidade de atualiza&ccedil;&atilde;o que precisa de mais do que uma revitaliza&ccedil;&atilde;o do desenho. Muitas vezes uma marca precisa de uma redesenho completo, trazendo um novo conceito e uma nova forma para o nome j&aacute; consolidado. Nestes casos o processo de reformula&ccedil;&atilde;o da marca cria uma nova imagem completa que vai alavancar novas sensa&ccedil;&otilde;es de seu p&uacute;blico e contribuir para o crescimento do neg&oacute;cio.</p>\r\n\r\n<p>As empresas n&atilde;o devem temer a reformula&ccedil;&atilde;o de uma marca. Em in&uacute;meras situa&ccedil;&otilde;es esta &eacute; uma estrat&eacute;gia de marketing muito efetiva que traz novos ares e novos neg&oacute;cios em pouco tempo.</p>\r\n\r\n<p>A Trupe auxilia marcas a identificarem se elas necessitavam de uma reformula&ccedil;&atilde;o completa, de uma revitaliza&ccedil;&atilde;o ou se simplesmente devem se manter na forma que est&atilde;o e explorar outras a&ccedil;&otilde;es de marketing.</p>\r\n',4,'2015-02-01 22:48:04','2015-02-01 22:48:04'),(22,2,'tagline','tagline','<p>Tagline &eacute; o complemento do nome da marca. No caso da Trupe &eacute; o &quot;Ag&ecirc;ncia Criativa&quot;. Tagline &eacute; a frase ou conjunto de palavras que define a marca e acompanha sempre seu nome. Um processo de naming pode ou n&atilde;o vir acompanhado da cria&ccedil;&atilde;o de uma tagline. A Trupe atua em processos completos de naming com cria&ccedil;&atilde;o do nome, tagline e do desenho da marca. Al&eacute;m destes servi&ccedil;os realizamos tamb&eacute;m a defini&ccedil;&atilde;o da identidade visual, cria&ccedil;&atilde;o de papelaria institucional, cria&ccedil;&atilde;o de site, promo&ccedil;&atilde;o e propaganda.</p>\r\n',1,'2015-02-01 23:46:21','2015-02-01 23:46:21'),(23,2,'identidade visual','identidade-visual','<p>Pode-se dizer que a identidade visual &eacute; uma imagem ampliada da marca. &Eacute; todo o conjunto de elementos que representa a marca em aplica&ccedil;&otilde;es diversas. O nome, logotipo, paleta de cores, tipografia, grafismos, selos, formato reduzido da marca, mascotes, personagens, &iacute;cones e outros s&iacute;mbolos que refor&ccedil;am o conceito criado fazem parte da identidade visual. As pe&ccedil;as mais comuns que formam a identidade visual de uma empresa s&atilde;o: marca, cores, padr&otilde;es gr&aacute;ficos, papelaria institucional (cart&atilde;o de visitas, papel timbrado, envelope, pasta), sinaliza&ccedil;&atilde;o (fachada, ambienta&ccedil;&atilde;o, sinaliza&ccedil;&atilde;o de frota) e o website.</p>\r\n',5,'2015-02-02 00:05:50','2015-02-02 00:05:50'),(24,2,'sinalização e ambientação','sinalizacao-e-ambientacao','<p>A sinaliza&ccedil;&atilde;o f&iacute;sica da empresa &eacute; uma grande oportunidade de refor&ccedil;o da marca para os p&uacute;blicos interno e externo. Al&eacute;m da fixa&ccedil;&atilde;o da marca a sinaliza&ccedil;&atilde;o &eacute; grande aliada na organiza&ccedil;&atilde;o da empresa. Sua fun&ccedil;&atilde;o &eacute; indicar de forma r&aacute;pida e eficiente caminhos, dire&ccedil;&otilde;es e fun&ccedil;&otilde;es dos diversos ambientes e equipamentos nos espa&ccedil;os. Essa interface entre a marca e o p&uacute;blico transmite uma forte mensagem e &eacute; ponto ideal de explora&ccedil;&atilde;o das possibilidades da identidade visual.</p>\r\n\r\n<p>Deixe sua empresa falar bem de si mesma fazendo seu projeto de sinaliza&ccedil;&atilde;o com a Trupe.</p>\r\n',6,'2015-02-02 00:17:15','2015-02-02 00:17:15'),(25,1,'design gráfico','design-grafico','<p>O design &eacute; a disciplina que d&aacute; forma a necessidades (fun&ccedil;&otilde;es) com esmero est&eacute;tico. Em outras palavras, &eacute; o que faz as coisas funcionarem e ainda serem bonitas. Dentro das subdivis&otilde;es do design, est&aacute; o design gr&aacute;fico, focado em comunicar com efic&aacute;cia e beleza. Os designers s&atilde;o os grandes respons&aacute;veis por traduzir em imagem as mensagens que as marcas querem divulgar, criando os desenhos de marcas, &iacute;cones, m&iacute;dia impressa ou comunica&ccedil;&atilde;o digital.</p>\r\n\r\n<p>A equipe de designers da Trupe &eacute; focada em aplicar princ&iacute;pios do design de servi&ccedil;os aos projetos e ao atendimento para resolver problemas de comunica&ccedil;&atilde;o dos clientes.</p>\r\n',0,'2015-02-02 00:52:25','2015-02-02 00:52:25'),(26,1,'design digital','design-digital','<p>O design digital direciona todo o conhecimento dos designers para criar pe&ccedil;as eletr&ocirc;nicas que exploram corretamente toda a tecnologia atualmente dispon&iacute;vel na web. Na Trupe todos os designers conhecem os conceitos de programa&ccedil;&atilde;o, HTML, CSS e Javascript para criar sites, hotsites e sistemas que utilizam todo o pontencial dessas tecnologias e resultam em pe&ccedil;as leves, eficientes e f&aacute;ceis de usar. Al&eacute;m disso elas s&atilde;o bonitas, funcionais e com excelente design, como todas as pe&ccedil;as criadas por designers experientes devem ser.</p>\r\n',0,'2015-02-02 00:56:50','2015-02-02 00:56:50'),(27,2,'sinalização de frota','sinalizacao-de-frota','<p>Quando uma empresa possui ve&iacute;culos a seu servi&ccedil;o aproveit&aacute;-los como elementos de divulga&ccedil;&atilde;o da marca &eacute; uma excelente ideia. Especialmente para empresas de Presta&ccedil;&atilde;o de Servi&ccedil;os a frota representa justamente o servi&ccedil;o que vai at&eacute; o cliente final.</p>\r\n\r\n<p>A Trupe cria projetos de envelopamento de frota que divulgam a marca com eleg&acirc;ncia e funcionalidade. Inclua em seu projeto de identidade visual a sinaliza&ccedil;&atilde;o da sua frota de ve&iacute;culos.</p>\r\n',7,'2015-02-02 01:00:12','2015-02-02 01:00:12'),(28,3,'catálogos impressos','catalogos-impressos','<p>Para facilitar a escolha de produtos um bom cat&aacute;logo &eacute; elemento essencial para alguns tipos de neg&oacute;cio. Al&eacute;m de promover essa facilidade aos clientes os cat&aacute;logos transmitem a identidade da marca e servem como pe&ccedil;a de propaganda para auxiliar a equipe de vendas.</p>\r\n\r\n<p>Se sua empresa precisa de um bom cat&aacute;logo de produtos ou de servi&ccedil;os fale com a Trupe. Temos designers experientes na cria&ccedil;&atilde;o de cat&aacute;logos atrativos e vendedores.</p>\r\n',0,'2015-02-02 01:36:11','2015-02-02 14:38:14'),(29,3,'folders','folders','<p>No Brasil, e no meio da propaganda, o termo &#39;folder&#39; representa uma pe&ccedil;a impressa com conte&uacute;do que explica a empresa, produto, servi&ccedil;o ou marca. Ao contr&aacute;rio da tradu&ccedil;&atilde;o da palavra - que quer dizer pasta - &eacute; uma pe&ccedil;a com textos e imagens, aproximando-se da ideia de um mini cat&aacute;logo ou um folheto explicativo.</p>\r\n\r\n<p>Um bom folder &eacute; pe&ccedil;a essencial na divulga&ccedil;&atilde;o e apoia o processo de venda e apresenta&ccedil;&atilde;o das empresas/produtos.</p>\r\n\r\n<p>Construa um bom folder contando com os servi&ccedil;os de design e reda&ccedil;&atilde;o da Trupe. Sua empresa ser&aacute; melhor apresentada com a nossa ajuda.</p>\r\n',0,'2015-02-02 01:40:35','2015-02-02 01:40:35');
/*!40000 ALTER TABLE `servicos` ENABLE KEYS */;
UNLOCK TABLES;

--
-- Table structure for table `tipo_trabalho`
--

DROP TABLE IF EXISTS `tipo_trabalho`;
/*!40101 SET @saved_cs_client     = @@character_set_client */;
/*!40101 SET character_set_client = utf8 */;
CREATE TABLE `tipo_trabalho` (
  `id` int(10) unsigned NOT NULL AUTO_INCREMENT,
  `tipo_id` int(11) NOT NULL,
  `trabalho_id` int(11) NOT NULL,
  `created_at` timestamp NOT NULL DEFAULT '0000-00-00 00:00:00',
  `updated_at` timestamp NOT NULL DEFAULT '0000-00-00 00:00:00',
  PRIMARY KEY (`id`)
) ENGINE=InnoDB AUTO_INCREMENT=75 DEFAULT CHARSET=utf8 COLLATE=utf8_unicode_ci;
/*!40101 SET character_set_client = @saved_cs_client */;

--
-- Dumping data for table `tipo_trabalho`
--

LOCK TABLES `tipo_trabalho` WRITE;
/*!40000 ALTER TABLE `tipo_trabalho` DISABLE KEYS */;
INSERT INTO `tipo_trabalho` VALUES (1,67,2,'2015-01-08 15:06:00','0000-00-00 00:00:00'),(3,67,11,'2015-01-08 15:06:00','0000-00-00 00:00:00'),(4,1,1,'2015-01-08 15:06:00','0000-00-00 00:00:00'),(5,1,2,'2015-01-08 15:06:00','0000-00-00 00:00:00'),(6,1,3,'2015-01-08 15:06:00','0000-00-00 00:00:00'),(7,8,4,'2015-01-08 15:06:00','0000-00-00 00:00:00'),(8,1,5,'2015-01-08 15:06:00','0000-00-00 00:00:00'),(9,2,6,'2015-01-08 15:06:00','0000-00-00 00:00:00'),(10,1,7,'2015-01-08 15:06:00','0000-00-00 00:00:00'),(11,1,8,'2015-01-08 15:06:00','0000-00-00 00:00:00'),(12,3,9,'2015-01-08 15:06:00','0000-00-00 00:00:00'),(13,1,10,'2015-01-08 15:06:00','0000-00-00 00:00:00'),(14,1,11,'2015-01-08 15:06:00','0000-00-00 00:00:00'),(15,1,12,'2015-01-08 15:06:00','0000-00-00 00:00:00'),(16,1,13,'2015-01-08 15:06:00','0000-00-00 00:00:00'),(17,1,14,'2015-01-08 15:06:00','0000-00-00 00:00:00'),(18,3,15,'2015-01-08 15:06:00','0000-00-00 00:00:00'),(19,7,16,'2015-01-08 15:06:00','0000-00-00 00:00:00'),(20,1,17,'2015-01-08 15:06:00','0000-00-00 00:00:00'),(21,2,18,'2015-01-08 15:06:00','0000-00-00 00:00:00'),(22,1,19,'2015-01-08 15:06:00','0000-00-00 00:00:00'),(23,1,20,'2015-01-08 15:06:00','0000-00-00 00:00:00'),(24,1,21,'2015-01-08 15:06:00','0000-00-00 00:00:00'),(25,12,22,'2015-01-08 15:06:00','0000-00-00 00:00:00'),(26,4,23,'2015-01-08 15:06:00','0000-00-00 00:00:00'),(27,1,24,'2015-01-08 15:06:00','0000-00-00 00:00:00'),(28,1,25,'2015-01-08 15:06:00','0000-00-00 00:00:00'),(29,1,26,'2015-01-08 15:06:00','0000-00-00 00:00:00'),(30,4,27,'2015-01-08 15:06:00','0000-00-00 00:00:00'),(31,2,28,'2015-01-08 15:06:00','0000-00-00 00:00:00'),(32,5,29,'2015-01-08 15:06:00','0000-00-00 00:00:00'),(33,1,30,'2015-01-08 15:06:00','0000-00-00 00:00:00'),(34,3,31,'2015-01-08 15:06:00','0000-00-00 00:00:00'),(35,1,32,'2015-01-08 15:06:00','0000-00-00 00:00:00'),(36,2,33,'2015-01-08 15:06:00','0000-00-00 00:00:00'),(37,1,34,'2015-01-08 15:06:00','0000-00-00 00:00:00'),(38,2,38,'2015-01-08 15:06:00','0000-00-00 00:00:00'),(39,12,39,'2015-01-08 15:06:00','0000-00-00 00:00:00'),(40,2,40,'2015-01-08 15:06:00','0000-00-00 00:00:00'),(41,4,41,'2015-01-08 15:06:00','0000-00-00 00:00:00'),(42,8,42,'2015-01-08 15:06:00','0000-00-00 00:00:00'),(43,2,43,'2015-01-08 15:06:00','0000-00-00 00:00:00'),(44,4,44,'2015-01-08 15:06:00','0000-00-00 00:00:00'),(45,1,45,'2015-01-08 15:06:00','0000-00-00 00:00:00'),(46,2,46,'2015-01-08 15:06:00','0000-00-00 00:00:00'),(47,1,47,'2015-01-08 15:06:00','0000-00-00 00:00:00'),(48,1,48,'2015-01-08 15:06:00','0000-00-00 00:00:00'),(49,2,49,'2015-01-08 15:06:00','0000-00-00 00:00:00'),(50,1,50,'2015-01-08 15:06:00','0000-00-00 00:00:00'),(51,2,51,'2015-01-08 15:06:00','0000-00-00 00:00:00'),(52,3,52,'2015-01-08 15:06:00','0000-00-00 00:00:00'),(53,1,53,'2015-01-08 15:06:00','0000-00-00 00:00:00'),(54,2,54,'2015-01-08 15:06:00','0000-00-00 00:00:00'),(55,1,55,'2015-01-08 15:06:00','0000-00-00 00:00:00'),(56,8,56,'2015-01-08 15:06:00','0000-00-00 00:00:00'),(57,2,57,'2015-01-08 15:06:00','0000-00-00 00:00:00'),(58,2,58,'2015-01-08 15:06:00','0000-00-00 00:00:00'),(59,12,59,'2015-01-08 15:06:00','0000-00-00 00:00:00'),(60,5,60,'2015-01-08 15:06:00','0000-00-00 00:00:00'),(61,5,61,'2015-01-08 15:06:00','0000-00-00 00:00:00'),(62,1,62,'2015-01-08 15:06:00','0000-00-00 00:00:00'),(63,2,63,'2015-01-08 15:06:00','0000-00-00 00:00:00'),(64,2,64,'2015-01-08 15:06:00','0000-00-00 00:00:00'),(65,2,65,'2015-01-08 15:06:00','0000-00-00 00:00:00'),(66,2,66,'2015-01-08 15:06:00','0000-00-00 00:00:00'),(67,56,8,'2015-01-08 15:06:00','0000-00-00 00:00:00'),(68,2,67,'0000-00-00 00:00:00','0000-00-00 00:00:00'),(69,3,67,'0000-00-00 00:00:00','0000-00-00 00:00:00'),(70,2,68,'0000-00-00 00:00:00','0000-00-00 00:00:00'),(71,2,69,'0000-00-00 00:00:00','0000-00-00 00:00:00'),(72,2,70,'0000-00-00 00:00:00','0000-00-00 00:00:00'),(73,1,71,'0000-00-00 00:00:00','0000-00-00 00:00:00'),(74,1,72,'0000-00-00 00:00:00','0000-00-00 00:00:00');
/*!40000 ALTER TABLE `tipo_trabalho` ENABLE KEYS */;
UNLOCK TABLES;

--
-- Table structure for table `tipos`
--

DROP TABLE IF EXISTS `tipos`;
/*!40101 SET @saved_cs_client     = @@character_set_client */;
/*!40101 SET character_set_client = utf8 */;
CREATE TABLE `tipos` (
  `id` int(10) unsigned NOT NULL AUTO_INCREMENT,
  `titulo` varchar(255) COLLATE utf8_unicode_ci NOT NULL,
  `slug` varchar(255) COLLATE utf8_unicode_ci NOT NULL,
  `ordem` int(11) NOT NULL,
  `created_at` timestamp NOT NULL DEFAULT '0000-00-00 00:00:00',
  `updated_at` timestamp NOT NULL DEFAULT '0000-00-00 00:00:00',
  PRIMARY KEY (`id`)
) ENGINE=InnoDB AUTO_INCREMENT=13 DEFAULT CHARSET=utf8 COLLATE=utf8_unicode_ci;
/*!40101 SET character_set_client = @saved_cs_client */;

--
-- Dumping data for table `tipos`
--

LOCK TABLES `tipos` WRITE;
/*!40000 ALTER TABLE `tipos` DISABLE KEYS */;
INSERT INTO `tipos` VALUES (1,'WEBSITE','website',0,'2015-01-07 20:54:22','2015-01-08 15:06:55'),(2,'MARCAS [LOGOTIPOS]','marcas-logotipos',1,'2015-01-08 15:06:00','2015-01-08 15:06:00'),(3,'IDENTIDADE VISUAL','identidade-visual',2,'2015-01-08 15:06:06','2015-01-08 15:06:06'),(4,'IMPRESSOS','impressos',4,'2015-01-08 15:06:14','2015-01-08 15:06:14'),(5,'ANÚNCIOS','anuncios',5,'2015-01-08 15:06:19','2015-01-08 15:06:19'),(6,'SISTEMAS ONLINE','sistemas-online',6,'2015-01-08 15:06:24','2015-01-08 15:06:24'),(7,'INTRANETS','intranets',7,'2015-01-08 15:06:29','2015-01-08 15:06:29'),(8,'E-MAIL MARKETING','e-mail-marketing',8,'2015-01-08 15:06:35','2015-01-08 15:06:35'),(9,'SINALIZAÇÃO','sinalizacao',9,'2015-01-08 15:06:40','2015-01-08 15:06:40'),(10,'EVENTOS','eventos',10,'2015-01-08 15:06:45','2015-01-08 15:06:45'),(11,'BRINDES','brindes',11,'2015-01-08 15:06:49','2015-01-08 15:06:49'),(12,'LOJA VIRTUAL','loja-virtual',3,'2015-01-21 15:17:52','2015-01-21 15:17:52');
/*!40000 ALTER TABLE `tipos` ENABLE KEYS */;
UNLOCK TABLES;

--
-- Table structure for table `trabalhos`
--

DROP TABLE IF EXISTS `trabalhos`;
/*!40101 SET @saved_cs_client     = @@character_set_client */;
/*!40101 SET character_set_client = utf8 */;
CREATE TABLE `trabalhos` (
  `id` int(10) unsigned NOT NULL AUTO_INCREMENT,
  `clientes_id` int(11) NOT NULL,
  `capa` varchar(255) COLLATE utf8_unicode_ci NOT NULL,
  `thumb` varchar(255) COLLATE utf8_unicode_ci NOT NULL,
  `titulo` varchar(255) COLLATE utf8_unicode_ci NOT NULL,
  `slug` varchar(255) COLLATE utf8_unicode_ci NOT NULL,
  `olho` text COLLATE utf8_unicode_ci NOT NULL,
  `texto` text COLLATE utf8_unicode_ci NOT NULL,
  `link` varchar(255) COLLATE utf8_unicode_ci NOT NULL,
  `reel` varchar(255) COLLATE utf8_unicode_ci NOT NULL,
  `ordem` int(11) NOT NULL,
  `created_at` timestamp NOT NULL DEFAULT '0000-00-00 00:00:00',
  `updated_at` timestamp NOT NULL DEFAULT '0000-00-00 00:00:00',
  PRIMARY KEY (`id`)
) ENGINE=InnoDB AUTO_INCREMENT=73 DEFAULT CHARSET=utf8 COLLATE=utf8_unicode_ci;
/*!40101 SET character_set_client = @saved_cs_client */;

--
-- Dumping data for table `trabalhos`
--

LOCK TABLES `trabalhos` WRITE;
/*!40000 ALTER TABLE `trabalhos` DISABLE KEYS */;
INSERT INTO `trabalhos` VALUES (1,1,'20150108174038screencapture-metarhnovo.png','20150119154400estudos HomeAlteracoes2 GrupoMetaRH.jpg','Website Grupo Meta','website-grupo-meta-1','Criação e desenvolvimento de website + gereciamento de conteúdo','<p>Progressively morph turnkey e-markets without real-time information. Credibly fabricate multifunctional testing procedures for efficient metrics. Enthusiastically engage plug-and-play platforms without excellent communities. Energistically morph prospective content for robust metrics. Enthusiastically provide access to out-of-the-box ideas before technically sound sources.</p>\r\n\r\n<p>Phosfluorescently create go forward testing procedures for just in time data. Collaboratively impact seamless scenarios vis-a-vis unique sources. Synergistically customize.</p>\r\n','http://grupometarh.com.br/','',44,'2015-01-07 21:01:48','2015-02-04 15:11:04'),(2,3,'20150123171102capa-jandaia1.png','20150123172146slide-jandaia.jpg','Website','website-1','Criação e desenvolvimento de website responsivo + gereciamento de conteúdo','<p>teste</p>\r\n','www.cadernosjandaia.com.br','',13,'2015-01-09 19:46:52','2015-02-04 15:11:00'),(3,5,'201501091817131.png','201501091817131.png','Website','website-1','Criação e desenvolvimento de website responsivo + gereciamento de conteúdo','','www.ipade.org.br','',42,'2015-01-09 20:17:14','2015-02-04 15:11:03'),(4,3,'20150122175657email-jandaia.jpg','20150122175657email-jandaia.jpg','E-mail Marketing','e-mail-marketing-1','Criação arte+HTML','<p>A Trupe cuida da comunica&ccedil;&atilde;o digital dos cadernos Jandaia.</p>\r\n','','',33,'2015-01-14 18:43:03','2015-02-04 15:11:02'),(5,17,'20150119153903img1.png','20150119153903img1.png','Website','website-1','Criação e desenvolvimento de website responsivo + gereciamento de conteúdo','','','',45,'2015-01-19 17:39:03','2015-02-04 15:11:04'),(6,6,'20150121182433meta-grupo.jpg','20150121182433meta-grupo.jpg','Criação de marca','criacao-de-marca-1','Criação de marca + papelaria','<p>Cria&ccedil;&atilde;o da marca Grupo Meta RH</p>\r\n','','',38,'2015-01-19 17:45:51','2015-02-04 15:11:03'),(7,9,'201501191629141.png','201501191629151.png','Website','website-1','Criação e desenvolvimento de website responsivo + gereciamento de conteúdo','','www.titinaleaofestas.com.br','',47,'2015-01-19 18:29:15','2015-02-04 15:11:04'),(8,10,'20150127122510capa-bidim.png','20150119163825img1.jpg','Website','website-1','Criação e desenvolvimento de website responsivo + gereciamento de conteúdo','','www.bidim.com.br','',18,'2015-01-19 18:36:45','2015-02-04 15:11:01'),(9,11,'20150129133317banner-home-amanco.png','201501191642261.jpg','Apresentação institucional','apresentacao-institucional','Desenvolvimento de apresentação institucional','','','',3,'2015-01-19 18:42:26','2015-02-04 15:18:43'),(10,12,'20150122164856capa-objetivo.png','20150122164856slide-objetivo.jpg','Website','website-1','Criação e desenvolvimento de website + gereciamento de conteúdo','<p>A Trupe foi respons&aacute;vel pelo desenvolvimento do website Col&eacute;gio Objetivo Sa&uacute;de, com gerenciamento de conte&uacute;do para facilitar as atualiza&ccedil;&otilde;es.</p>\r\n','http://www.objetivosaude.com.br/','',39,'2015-01-19 18:48:42','2015-02-04 15:11:03'),(11,13,'20150127130353capa-deboraagu.png','20150119165131img3.png','Website','website-1','Criação e desenvolvimento de website responsivo + gereciamento de conteúdo','','www.deboraaguiar.com.br','',48,'2015-01-19 18:51:31','2015-02-04 15:11:04'),(12,14,'20150123181839capa-erea.png','201501191654061.png','Website','website-1','Criação e desenvolvimento de website + gereciamento de conteúdo','','http://www.erea.com.br/','',50,'2015-01-19 18:54:06','2015-02-04 15:11:04'),(13,15,'20150122170029capa-hydros.png','20150122170029slide-hydros.jpg','Website','website-1','Criação e desenvolvimento de website + gereciamento de conteúdo','','http://www.projetohydros.com/','',51,'2015-01-19 18:57:32','2015-02-04 15:11:04'),(14,16,'20150122145125iph-capa.png','20150122145921capa-iph.jpg','Website','website-1','Criação e desenvolvimento de website responsivo + gereciamento de conteúdo','<p>A Trupe desenvolveu um novo website para o IPH, um site moderno, com gerenciamento de conte&uacute;do, design responsivo e em 2 idiomas.</p>\r\n','http://www.iph.org.br/','',62,'2015-01-19 19:16:32','2015-02-04 15:11:05'),(15,18,'201501191800201.jpg','201501191800201.jpg','Apresentação institucional','apresentacao-institucional-1','Apresentação digital institucional','','','',41,'2015-01-19 20:00:20','2015-02-04 15:11:03'),(16,19,'20150127124152capa-collaboration.png','20150119180428img11.jpg','Intranet','intranet-1','Desenvolvimento de intranet','','','',52,'2015-01-19 20:03:32','2015-02-04 15:11:04'),(17,20,'20150122171203capa-olea.png','201501191810251.png','Website','website-1','Criação e desenvolvimento de website + gereciamento de conteúdo','','http://www.studio-olea.com.br','',53,'2015-01-19 20:10:25','2015-02-04 15:11:04'),(18,21,'20150122115721marca-south.jpg','20150122115721marca-south.jpg','Revitalização de Marca','revitalizacao-de-marca-1','Criação de marca + papelaria','','http://www.southpartner.com','',46,'2015-01-19 20:13:45','2015-02-04 15:11:04'),(19,21,'20150122181854capa-sout.png','20150123180222slide-sout.jpg','Website','website-1','Criação e desenvolvimento de website responsivo + gereciamento de conteúdo','','http://www.southpartner.com','',56,'2015-01-19 20:18:19','2015-02-04 15:11:05'),(20,22,'20150121192116capa-arycom.png','20150121192116arycom-book.jpg','Website','website-1','Criação e desenvolvimento de website responsivo + gereciamento de conteúdo','','http://www.arycom.com','',57,'2015-01-19 20:22:24','2015-02-04 15:11:05'),(21,28,'20150121131530capa.png','20150121130240teste3.jpg','Website','website-1','Criação e desenvolvimento de website + loja virtual + gereciamento de conteúdo','<p>teste</p>\r\n','www.anossacozinha.com.br','',58,'2015-01-21 15:02:41','2015-02-04 15:11:05'),(22,28,'20150121132236capa-loja.png','20150121132504capa-loja1.jpg','Loja Virtual','loja-virtual-1','Criação e desenvolvimento de loja virtual + gereciamento de conteúdo','','https://www.anossacozinha.com.br/loja','',54,'2015-01-21 15:22:36','2015-02-04 15:11:04'),(23,28,'20150123174620cartao-cozinha.jpg','20150123174620cartao-cozinha.jpg','Cartão de visitas','cartao-de-visitas-1','Criação de marca + papelaria','<p>teste</p>\r\n','','',49,'2015-01-21 16:16:30','2015-02-04 15:11:04'),(24,2,'20150121155507capa-seq.png','20150121155508sequencial-tela.jpg','Website','website-1','Criação e desenvolvimento de website + gereciamento de conteúdo','','www.sequenciactp.com.br','',59,'2015-01-21 17:55:08','2015-02-04 15:11:05'),(25,6,'20150121185636capa-gm.png','20150123180341slide-grupometa.jpg','Website','website-1','Criação e desenvolvimento de website + gereciamento de conteúdo','','www.grupometarh.com.br','',60,'2015-01-21 20:48:09','2015-02-04 15:11:05'),(26,24,'20150121195711capa-roberto.png','20150122115300capinha-migotto.jpg','Website','website-1','Criação e desenvolvimento de website + gereciamento de conteúdo','','www.robertomigotto.com.br','',61,'2015-01-21 21:57:11','2015-02-04 15:11:05'),(27,23,'20150122114158Catalogue.jpg','20150122114158Catalogue.jpg','Catálogo','catalogo-1','Catálogo de produtos','<p>A Trupe atende a Mackey desde 2012, reformulamos todos os cat&aacute;logos da empresa como uma comunica&ccedil;&atilde;o mais moderna e atual.</p>\r\n','','',40,'2015-01-22 13:41:58','2015-02-04 15:11:03'),(28,16,'20150122144423marca-iph.jpg','20150122144424marca-iph.jpg','Criação de marca','criacao-de-marca-1','Criação de marca + papelaria','','www.iph.org.br','',55,'2015-01-22 16:44:24','2015-02-04 15:11:05'),(29,23,'20150122180058mackey-mag.jpg','20150122180058mackey-mag.jpg','Anúncio em revista','anuncio-em-revista-1','Criação de arte','','','',34,'2015-01-22 20:00:58','2015-02-04 15:11:02'),(30,23,'20150122180249capa-mackey2.png','20150122180249Imac1web.jpg','Website','website-1','Criação e desenvolvimento de website + versão mobile','<p>A trupe foi respons&aacute;vel pela reformula&ccedil;&atilde;o do website Mackey.</p>\r\n','www.mackey.com.br','',37,'2015-01-22 20:02:49','2015-02-04 15:11:03'),(31,21,'20150122180640cartao-south.jpg','20150122180640cartao-south.jpg','Cartão de visitas','cartao-de-visitas-1','Criação de marca + papelaria','<p>A Trupe foi respons&aacute;vel pela reformula&ccedil;&atilde;o da identidade visual da Southpartner.</p>\r\n','','',35,'2015-01-22 20:06:40','2015-02-04 15:11:03'),(32,29,'20150123140407capa-pieron.png','20150123140407pieron1.jpg','Website','website-1','Criação e desenvolvimento de website responsivo + gereciamento de conteúdo','','www.pieron.com.br','',36,'2015-01-23 16:04:07','2015-02-04 15:11:03'),(33,30,'20150123143355marca-max.jpg','20150123143355marca-max.jpg','Criação de marca','criacao-de-marca-1','Criação de marca + papelaria','','','',43,'2015-01-23 16:33:55','2015-02-04 15:11:03'),(34,31,'20150123150337capa-led.png','20150123150646slide-led.jpg','Website','website-1','Criação e desenvolvimento de website + gereciamento de conteúdo','','www.ledmoveis.com.br','',32,'2015-01-23 17:03:37','2015-02-04 15:11:02'),(38,32,'20150123151703marca-capital.jpg','20150123151703marca-capital.jpg','Criação de marca','criacao-de-marca-1','Criação de marca','','','',27,'2015-01-23 17:17:03','2015-02-04 15:11:02'),(39,34,'20150123152933capa-bamboo.png','20150123152933slide-bam.jpg','Loja Virtual','loja-virtual-1','Criação e desenvolvimento de loja virtual + gereciamento de conteúdo','','http://bamboole.com.br','',28,'2015-01-23 17:29:33','2015-02-04 15:11:02'),(40,34,'20150123153458marca-bambo.jpg','20150123153458marca-bambo.jpg','Criação de marca','criacao-de-marca-1','Criação de marca + papelaria','','http://bamboole.com.br','',29,'2015-01-23 17:34:59','2015-02-04 15:11:02'),(41,34,'20150123154204cartao-bam.jpg','20150123154204cartao-bam.jpg','Cartão de visitas','cartao-de-visitas-1','Criação de papelaria','','','',30,'2015-01-23 17:42:04','2015-02-04 15:11:02'),(42,34,'20150123154547emkt-bambo.jpg','20150123154547emkt-bambo.jpg','E-mail Marketing','e-mail-marketing-1','Criação e desenvolvimento','','','',31,'2015-01-23 17:45:47','2015-02-04 15:11:02'),(43,35,'20150123155158marca-kc.jpg','20150123155158marca-kc.jpg','Criação de marca','criacao-de-marca-1','Criação de marca + papelaria','','','',26,'2015-01-23 17:51:58','2015-02-04 15:11:02'),(44,35,'20150123161617cartao-kc.jpg','20150123161617cartao-kc.jpg','Cartão de visitas','cartao-de-visitas-1','Criação de marca + papelaria','','','',16,'2015-01-23 18:16:18','2015-02-04 15:11:00'),(45,36,'20150123164816capa-kufa.png','20150123165335slide-kufa.jpg','Website','website','Criação e desenvolvimento de website + gereciamento de conteúdo','<p>Monotonectally simplify client-focused imperatives and functionalized communities. Efficiently fashion high-payoff results vis-a-vis one-to-one vortals. Dramatically exploit cross-platform technology whereas scalable sources. Efficiently repurpose fully tested action items via high standards in models. Dynamically coordinate 24/365 web-readiness after timely human capital.</p>\r\n\r\n<p>Globally drive parallel solutions after viral expertise. Dynamically revolutionize error-free technology for premium partnerships. Energistically supply adaptive materials via.</p>\r\n','http://kufa.adv.br','http://vimeo.com/channels/staffpicks/118489997',15,'2015-01-23 18:48:17','2015-02-05 15:01:11'),(46,36,'20150123165842marca-kufa.jpg','20150123165842marca-kufa.jpg','Criação de marca','criacao-de-marca-1','Criação de marca + papelaria','','http://kufa.adv.br','',17,'2015-01-23 18:58:42','2015-02-04 15:11:01'),(47,37,'20150126124856capa-thiago.png','20150126124856slide-tavella.jpg','Website','website-1','Criação e desenvolvimento de website + gereciamento de conteúdo','','www.thiagotavella.com','',20,'2015-01-26 14:48:56','2015-02-04 15:11:01'),(48,38,'20150126124959capa-stato.png','20150126124959slide-stato.jpg','Website','website-1','Criação e desenvolvimento de website + gereciamento de conteúdo','','www.stato-moveis.com.br','',21,'2015-01-26 14:49:59','2015-02-04 15:11:01'),(49,39,'20150126131326marca-raro.jpg','20150126131326marca-raro.jpg','Criação de marca','criacao-de-marca-1','Criação de marca + papelaria','','www.rarocarmim.com.br','',22,'2015-01-26 15:13:26','2015-02-04 15:11:01'),(50,39,'20150126131432capa-raro.png','20150126131432slide-raro.jpg','Website','website-1','Criação e desenvolvimento de website + gereciamento de conteúdo','','www.rarocarmim.com.br','',23,'2015-01-26 15:14:33','2015-02-04 15:11:01'),(51,40,'20150126154110marca-caico.jpg','20150126154111marca-caico.jpg','Reformulação de marca','reformulacao-de-marca-1','Criação de marca + papelaria','<p>Revitaliza&ccedil;&atilde;o da marca Ca&iacute;co de Queiroz. Processo de redesenho de marca existente no mercado h&aacute; 10 anos. Atualiza&ccedil;&atilde;o e cria&ccedil;&atilde;o de maior peso visual para o nome Ca&iacute;co de Queiroz. Inser&ccedil;&atilde;o de novo elemento gr&aacute;fico para guiar a constru&ccedil;&atilde;o da identidade visual.</p>\r\n','','',4,'2015-01-26 17:41:11','2015-02-04 15:10:59'),(52,19,'20150127123709capa-mexichem.jpg','20150127123709capa-mexichem.jpg','Apresentação institucional','apresentacao-institucional-1','Desenvolvimento de apresentação institucional','','','',12,'2015-01-27 14:37:09','2015-02-04 15:11:00'),(53,41,'20150127134323capa-gemte.png','20150127134324mini-gemte.jpg','Website','website-1','Criação e desenvolvimento de website + gereciamento de conteúdo','','www.gemte.com.br','',19,'2015-01-27 15:43:24','2015-02-04 15:11:01'),(54,42,'20150129133709marca-master.jpg','20150129133709marca-master.jpg','Reformulação de marca','reformulacao-de-marca-1','Criação de marca + papelaria','','www.masterdiagnostica.com.br','',24,'2015-01-29 15:10:50','2015-02-04 15:11:02'),(55,42,'20150129132655capa-master.png','20150129132656slide-master.jpg','Website','website-1','Criação e desenvolvimento de website + gereciamento de conteúdo','','http://www.masterdiagnostica.com.br','',25,'2015-01-29 15:26:56','2015-02-04 15:11:02'),(56,42,'20150129133548emkt-master.jpg','20150129133548emkt-master.jpg','E-mail Marketing','e-mail-marketing-1','Criação arte + HTML','','','',10,'2015-01-29 15:35:48','2015-02-04 15:11:00'),(57,44,'20150130184935marca0-diaz.jpg','20150130184935marca0-diaz.jpg','Revitalização de marca','revitalizacao-de-marca-1','Criação de Marca | Revitalização de Marca | Redesenho de logotipo','','www.diazrosa.com.br','',11,'2015-01-30 20:49:36','2015-02-04 15:11:00'),(58,45,'20150201153148capa-potenza.jpg','20150201153148capa-potenza.jpg','Revitalização de marca','revitalizacao-de-marca-1','Criação de Marca | Revitalização de Marca | Redesenho de logotipo','<p>Sem mudar o conceito original da marca que existe h&aacute; mais de 7 anos, a Trupe desenvolveu a revitaliza&ccedil;&atilde;o do desenho da marca Potenza com formas org&acirc;nicas que refletem melhor o cuidado e o aspecto principal de recursos humanos com que a empresa trabalha. O desenho original, duro e formal, deu lugar a uma tipologia org&acirc;nica e leve com um desenho mais humanizado da m&atilde;o que representa o cuidado da empresa com suas equipes e seus clientes.</p>\r\n','','',1,'2015-02-01 17:31:48','2015-02-04 15:10:59'),(59,46,'20150201163423capa-lola.png','20150201163423slide-lola.jpg','Criação de loja virtual','criacao-de-loja-virtual-1','Criação e desenvolvimento loja virtual + gereciamento de conteúdo','','www.loladaily.com.br','',2,'2015-02-01 18:34:23','2015-02-04 15:10:59'),(60,6,'20150201163826revista-meta.jpg','20150201163826revista-meta.jpg','Criação de anúncio','criacao-de-anuncio-1','Criação de arte','','','',5,'2015-02-01 18:38:26','2015-02-04 15:10:59'),(61,26,'20150201170826anuncio-metaex.jpg','20150201170826anuncio-metaex.jpg','Anúncio','anuncio-1','Criação de arte','','','',7,'2015-02-01 19:08:26','2015-02-04 15:11:00'),(62,47,'20150201193522capa-metata.png','20150201193522slide-metata.jpg','Website','website-1','Criação e desenvolvimento de website + gereciamento de conteúdo','','www.metatalentos.com.br','',8,'2015-02-01 21:35:22','2015-02-04 15:11:00'),(63,47,'20150201200007marca-metatalentos.jpg','20150201200007marca-metatalentos.jpg','Criação de marca','criacao-de-marca-1','Criação de marca + papelaria','','www.metatalentos.com.br','',9,'2015-02-01 22:00:07','2015-02-04 15:11:00'),(64,48,'20150201210609capa-renato.jpg','20150201210609capa-renato.jpg','Criação de marca','criacao-de-marca-1','Criação de marca','','','',0,'2015-02-01 23:06:09','2015-02-04 15:10:59'),(65,49,'20150201212039capa-versus.jpg','20150201212039capa-versus.jpg','Criação de marca','criacao-de-marca-1','Criação de marca','','','',6,'2015-02-01 23:20:39','2015-02-04 15:10:59'),(66,43,'20150201212618marca-full-fight.jpg','20150201212618marca-full-fight.jpg','Criação de marca','criacao-de-marca-1','Criação de marca','','www.fullfight.com.br','',14,'2015-02-01 23:26:18','2015-02-04 15:11:00'),(67,3,'20150202191238wallpaper-royalty-free-photo-image-awesome-199.jpg','20150202191238wallpaper-royalty-free-photo-image-awesome-199.jpg','CRIAÇÃO DE SITE PRO <br> CASO DE DUAS LINHAS 90%','criacao-de-site-pro-br-caso-de-duas-linhas-90-1','teste','','','',-1,'2015-02-02 21:12:39','2015-02-04 15:10:58'),(71,11,'20150204131916wallpaper-royalty-free-photo-image-awesome-199.jpg','20150204131916wallpaper-royalty-free-photo-image-awesome-199.jpg','Apresentação Institucional','apresentacao-institucional-1','Teste','','','',-1,'2015-02-04 15:19:16','2015-02-04 15:19:16'),(72,11,'20150204132223wallpaper-royalty-free-photo-image-awesome-199.jpg','20150204132223wallpaper-royalty-free-photo-image-awesome-199.jpg','Apresentação Institucional','apresentacao-institucional-2','Teste','<p>Teste</p>\r\n','','',-1,'2015-02-04 15:22:23','2015-02-04 15:22:23');
/*!40000 ALTER TABLE `trabalhos` ENABLE KEYS */;
UNLOCK TABLES;

--
-- Table structure for table `trabalhos_imagens`
--

DROP TABLE IF EXISTS `trabalhos_imagens`;
/*!40101 SET @saved_cs_client     = @@character_set_client */;
/*!40101 SET character_set_client = utf8 */;
CREATE TABLE `trabalhos_imagens` (
  `id` int(10) unsigned NOT NULL AUTO_INCREMENT,
  `trabalhos_id` int(11) NOT NULL,
  `imagem` varchar(255) COLLATE utf8_unicode_ci NOT NULL,
  `descricao` text COLLATE utf8_unicode_ci NOT NULL,
  `ordem` int(11) NOT NULL,
  `created_at` timestamp NOT NULL DEFAULT '0000-00-00 00:00:00',
  `updated_at` timestamp NOT NULL DEFAULT '0000-00-00 00:00:00',
  PRIMARY KEY (`id`)
) ENGINE=InnoDB AUTO_INCREMENT=615 DEFAULT CHARSET=utf8 COLLATE=utf8_unicode_ci;
/*!40101 SET character_set_client = @saved_cs_client */;

--
-- Dumping data for table `trabalhos_imagens`
--

LOCK TABLES `trabalhos_imagens` WRITE;
/*!40000 ALTER TABLE `trabalhos_imagens` DISABLE KEYS */;
INSERT INTO `trabalhos_imagens` VALUES (102,3,'201501091817392.png','',0,'2015-01-19 19:46:49','2015-01-19 19:46:49'),(103,3,'201501191620408.png','',1,'2015-01-19 19:46:49','2015-01-19 19:46:49'),(104,1,'20150119154436estudos HomeAlteracoes2 GrupoMetaRH.jpg','',0,'2015-01-19 19:47:24','2015-01-19 19:47:24'),(239,20,'20150121192123arycom-book.jpg','',0,'2015-01-21 21:26:30','2015-01-21 21:26:30'),(240,20,'20150121192130ary.png','',1,'2015-01-21 21:26:31','2015-01-21 21:26:31'),(241,20,'20150121192447Sem-Título-3.png','',2,'2015-01-21 21:26:31','2015-01-21 21:26:31'),(242,20,'20150121192629Sem-Título-4.jpg','',3,'2015-01-21 21:26:31','2015-01-21 21:26:31'),(247,27,'20150122114614Catalogue2.jpg','',0,'2015-01-22 13:47:17','2015-01-22 13:47:17'),(248,26,'20150122115323capinha-migotto.jpg','',0,'2015-01-22 13:53:24','2015-01-22 13:53:24'),(258,10,'20150122164854slide-objetivo.jpg','',0,'2015-01-22 18:50:46','2015-01-22 18:50:46'),(259,10,'20150122164941ob.jpg','',1,'2015-01-22 18:50:46','2015-01-22 18:50:46'),(265,13,'20150119165655img1.png','',0,'2015-01-22 19:01:06','2015-01-22 19:01:06'),(266,13,'20150119165725img6.png','',1,'2015-01-22 19:01:06','2015-01-22 19:01:06'),(267,13,'20150119165726img8.png','',2,'2015-01-22 19:01:06','2015-01-22 19:01:06'),(268,13,'20150119165726img9.png','',3,'2015-01-22 19:01:06','2015-01-22 19:01:06'),(269,13,'20150119165727img15.png','',4,'2015-01-22 19:01:06','2015-01-22 19:01:06'),(270,15,'201501191800081.jpg','',0,'2015-01-22 19:01:41','2015-01-22 19:01:41'),(271,15,'201501191800082.jpg','',1,'2015-01-22 19:01:41','2015-01-22 19:01:41'),(272,15,'201501191800083.jpg','',2,'2015-01-22 19:01:41','2015-01-22 19:01:41'),(273,15,'201501191800084.jpg','',3,'2015-01-22 19:01:41','2015-01-22 19:01:41'),(278,5,'20150119153851img1.png','',0,'2015-01-22 19:02:38','2015-01-22 19:02:38'),(279,5,'20150119153854img2.png','',1,'2015-01-22 19:02:38','2015-01-22 19:02:38'),(280,7,'20150119163428Sem-Título-1.jpg','',0,'2015-01-22 19:03:01','2015-01-22 19:03:01'),(281,7,'201501191629083.png','',1,'2015-01-22 19:03:01','2015-01-22 19:03:01'),(282,7,'201501191629096.png','',2,'2015-01-22 19:03:01','2015-01-22 19:03:01'),(283,7,'201501191629094.png','',3,'2015-01-22 19:03:01','2015-01-22 19:03:01'),(284,7,'201501191629107.png','',4,'2015-01-22 19:03:01','2015-01-22 19:03:01'),(285,7,'201501191629109.png','',5,'2015-01-22 19:03:01','2015-01-22 19:03:01'),(286,7,'201501191629105.png','',6,'2015-01-22 19:03:01','2015-01-22 19:03:01'),(287,7,'201501191629108.png','',7,'2015-01-22 19:03:01','2015-01-22 19:03:01'),(320,14,'20150122145913capa-iph.jpg','',0,'2015-01-22 19:05:53','2015-01-22 19:05:53'),(329,17,'20150122172050slide-olea.jpg','',0,'2015-01-22 19:20:54','2015-01-22 19:20:54'),(330,17,'201501191810181.png','',1,'2015-01-22 19:20:54','2015-01-22 19:20:54'),(331,17,'201501191810182.png','',2,'2015-01-22 19:20:54','2015-01-22 19:20:54'),(332,17,'201501191810193.png','',3,'2015-01-22 19:20:54','2015-01-22 19:20:54'),(333,17,'201501191810205.png','',4,'2015-01-22 19:20:54','2015-01-22 19:20:54'),(334,17,'201501191810204.png','',5,'2015-01-22 19:20:54','2015-01-22 19:20:54'),(335,17,'201501191810216.png','',6,'2015-01-22 19:20:54','2015-01-22 19:20:54'),(336,17,'2015011918102211.png','',7,'2015-01-22 19:20:54','2015-01-22 19:20:54'),(337,17,'201501191810228.png','',8,'2015-01-22 19:20:54','2015-01-22 19:20:54'),(348,32,'20150123135743pieron1.jpg','',0,'2015-01-23 16:04:08','2015-01-23 16:04:08'),(349,32,'20150123140405p1.jpg','',1,'2015-01-23 16:04:08','2015-01-23 16:04:08'),(352,34,'20150123150514slide-led.jpg','',0,'2015-01-23 17:06:46','2015-01-23 17:06:46'),(355,39,'20150123152932slide-bam.jpg','',0,'2015-01-23 17:29:34','2015-01-23 17:29:34'),(356,42,'20150123154628emkt-bamboole1.png','',0,'2015-01-23 17:46:44','2015-01-23 17:46:44'),(357,42,'20150123154636emkt bamboole2.png','',1,'2015-01-23 17:46:44','2015-01-23 17:46:44'),(358,42,'20150123154643emkt bamboole3.png','',2,'2015-01-23 17:46:44','2015-01-23 17:46:44'),(370,2,'20150123172144slide-jandaia.jpg','',0,'2015-01-23 19:22:03','2015-01-23 19:22:03'),(371,2,'20150109175534img2.jpg','teste',1,'2015-01-23 19:22:03','2015-01-23 19:22:03'),(375,19,'20150122181851slide-sout.jpg','',0,'2015-01-23 20:02:22','2015-01-23 20:02:22'),(376,19,'20150119181813imagem01.jpg','',1,'2015-01-23 20:02:22','2015-01-23 20:02:22'),(377,19,'20150119181813imagem07.jpg','',2,'2015-01-23 20:02:23','2015-01-23 20:02:23'),(378,19,'20150119181814imagem08.jpg','',3,'2015-01-23 20:02:23','2015-01-23 20:02:23'),(379,19,'20150119181814imagem09.jpg','',4,'2015-01-23 20:02:23','2015-01-23 20:02:23'),(380,19,'20150119181815imagem10.jpg','',5,'2015-01-23 20:02:23','2015-01-23 20:02:23'),(381,19,'20150119181815imagem11.jpg','',6,'2015-01-23 20:02:23','2015-01-23 20:02:23'),(382,19,'20150119181816imagem12.jpg','',7,'2015-01-23 20:02:23','2015-01-23 20:02:23'),(383,19,'20150119181816imagem13.jpg','',8,'2015-01-23 20:02:23','2015-01-23 20:02:23'),(389,24,'20150121155505sequencial-tela.jpg','',0,'2015-01-23 20:06:34','2015-01-23 20:06:34'),(390,25,'20150121185629grupo-meta.jpg','',0,'2015-01-23 20:07:04','2015-01-23 20:07:04'),(391,12,'201501191654011.png','',0,'2015-01-23 20:18:39','2015-01-23 20:18:39'),(392,12,'201501191654013.png','',1,'2015-01-23 20:18:39','2015-01-23 20:18:39'),(393,12,'201501191654014.png','',2,'2015-01-23 20:18:39','2015-01-23 20:18:39'),(394,47,'20150126124839slide-tavella.jpg','',0,'2015-01-26 14:48:56','2015-01-26 14:48:56'),(395,47,'20150126124846thiago1.jpg','',1,'2015-01-26 14:48:56','2015-01-26 14:48:56'),(396,47,'20150126124846thiago2.jpg','',2,'2015-01-26 14:48:56','2015-01-26 14:48:56'),(397,48,'20150126124950slide-stato.jpg','',0,'2015-01-26 14:49:59','2015-01-26 14:49:59'),(398,48,'20150126124955stato1.jpg','',1,'2015-01-26 14:49:59','2015-01-26 14:49:59'),(399,48,'20150126124957stato2.jpg','',2,'2015-01-26 14:49:59','2015-01-26 14:49:59'),(400,50,'20150126131412slide-raro.jpg','',0,'2015-01-26 15:14:33','2015-01-26 15:14:33'),(406,8,'20150126192758slide-bidim.jpg','',0,'2015-01-27 14:25:10','2015-01-27 14:25:10'),(407,8,'20150119163627img3.png','',1,'2015-01-27 14:25:10','2015-01-27 14:25:10'),(408,8,'20150119163641img13.png','',2,'2015-01-27 14:25:10','2015-01-27 14:25:10'),(409,52,'201501271236531.jpg','',0,'2015-01-27 14:37:09','2015-01-27 14:37:09'),(410,52,'201501271236477.jpg','',1,'2015-01-27 14:37:09','2015-01-27 14:37:09'),(411,52,'201501271236478.jpg','',2,'2015-01-27 14:37:09','2015-01-27 14:37:09'),(412,52,'201501271236503.jpg','',3,'2015-01-27 14:37:09','2015-01-27 14:37:09'),(413,52,'201501271236539.jpg','',4,'2015-01-27 14:37:09','2015-01-27 14:37:09'),(414,52,'201501271236535.jpg','',5,'2015-01-27 14:37:10','2015-01-27 14:37:10'),(415,52,'201501271236546.jpg','',6,'2015-01-27 14:37:10','2015-01-27 14:37:10'),(416,52,'2015012712365610.jpg','',7,'2015-01-27 14:37:10','2015-01-27 14:37:10'),(417,52,'201501271236572.jpg','',8,'2015-01-27 14:37:10','2015-01-27 14:37:10'),(418,52,'2015012712365711.jpg','',9,'2015-01-27 14:37:10','2015-01-27 14:37:10'),(419,16,'20150119180328img1.jpg','',0,'2015-01-27 14:41:52','2015-01-27 14:41:52'),(420,16,'20150119180328img4.jpg','',1,'2015-01-27 14:41:52','2015-01-27 14:41:52'),(421,16,'20150119180328img5.jpg','',2,'2015-01-27 14:41:52','2015-01-27 14:41:52'),(422,16,'20150119180329img6.jpg','',3,'2015-01-27 14:41:52','2015-01-27 14:41:52'),(423,16,'20150119180329img7.jpg','',4,'2015-01-27 14:41:52','2015-01-27 14:41:52'),(424,16,'20150119180329img8.jpg','',5,'2015-01-27 14:41:52','2015-01-27 14:41:52'),(425,16,'20150119180330img11.jpg','',6,'2015-01-27 14:41:52','2015-01-27 14:41:52'),(426,11,'20150119165203img5.png','',0,'2015-01-27 15:03:54','2015-01-27 15:03:54'),(427,11,'20150119165123img9.png','',1,'2015-01-27 15:03:54','2015-01-27 15:03:54'),(428,11,'20150119165123img11.png','',2,'2015-01-27 15:03:54','2015-01-27 15:03:54'),(429,11,'20150119165123img12.png','',3,'2015-01-27 15:03:54','2015-01-27 15:03:54'),(430,11,'20150119165124img16.png','',4,'2015-01-27 15:03:54','2015-01-27 15:03:54'),(431,11,'20150119165124img17.png','',5,'2015-01-27 15:03:54','2015-01-27 15:03:54'),(432,11,'20150119165124img14.png','',6,'2015-01-27 15:03:54','2015-01-27 15:03:54'),(434,55,'20150129132305slide-master.jpg','',0,'2015-01-29 15:26:56','2015-01-29 15:26:56'),(500,62,'20150201193531slide-metata.jpg','',0,'2015-02-01 21:35:33','2015-02-01 21:35:33'),(516,57,'20150201140900diaz3.jpg','',0,'2015-02-01 22:06:16','2015-02-01 22:06:16'),(517,57,'20150201140900diaz2.jpg','',1,'2015-02-01 22:06:16','2015-02-01 22:06:16'),(518,57,'20150201140900diaz1.jpg','',2,'2015-02-01 22:06:16','2015-02-01 22:06:16'),(523,63,'20150201200039metata1.jpg','',0,'2015-02-01 22:41:09','2015-02-01 22:41:09'),(524,63,'20150201200039metata2.jpg','',1,'2015-02-01 22:41:09','2015-02-01 22:41:09'),(525,63,'20150201200039metata3.jpg','',2,'2015-02-01 22:41:09','2015-02-01 22:41:09'),(526,63,'20150201201340cartao-metata.jpg','',3,'2015-02-01 22:41:10','2015-02-01 22:41:10'),(533,46,'20150201141138kufa1.jpg','',0,'2015-02-01 22:42:40','2015-02-01 22:42:40'),(534,46,'20150201141138kufa2.jpg','',1,'2015-02-01 22:42:40','2015-02-01 22:42:40'),(535,46,'20150201141138kufa3.jpg','',2,'2015-02-01 22:42:40','2015-02-01 22:42:40'),(536,46,'20150201141138kufa-cartao.jpg','',3,'2015-02-01 22:42:40','2015-02-01 22:42:40'),(537,46,'20150201141158papelaria-kufa.jpg','',4,'2015-02-01 22:42:40','2015-02-01 22:42:40'),(538,49,'20150130191833raro1.jpg','',0,'2015-02-01 22:43:06','2015-02-01 22:43:06'),(539,49,'20150130191833raro2.jpg','',1,'2015-02-01 22:43:06','2015-02-01 22:43:06'),(540,49,'20150130191833raro3.jpg','',2,'2015-02-01 22:43:06','2015-02-01 22:43:06'),(545,43,'20150201142910kufa1.jpg','',0,'2015-02-01 22:43:42','2015-02-01 22:43:42'),(546,43,'20150201142910kufa2.jpg','',1,'2015-02-01 22:43:42','2015-02-01 22:43:42'),(547,43,'20150201142910kufa3.jpg','',2,'2015-02-01 22:43:42','2015-02-01 22:43:42'),(548,43,'20150201142923cartao-kc.jpg','',3,'2015-02-01 22:43:42','2015-02-01 22:43:42'),(549,38,'20150201143609capital1.jpg','',0,'2015-02-01 22:44:00','2015-02-01 22:44:00'),(550,38,'20150201143609capital2.jpg','',1,'2015-02-01 22:44:00','2015-02-01 22:44:00'),(551,38,'20150201143610capital3.jpg','',2,'2015-02-01 22:44:01','2015-02-01 22:44:01'),(552,40,'20150201145107bambo1.jpg','',0,'2015-02-01 22:44:19','2015-02-01 22:44:19'),(553,40,'20150201145107bambo2.jpg','',1,'2015-02-01 22:44:19','2015-02-01 22:44:19'),(554,40,'20150201145107bambo3.jpg','',2,'2015-02-01 22:44:19','2015-02-01 22:44:19'),(555,40,'20150201145133cartao-bam.jpg','',3,'2015-02-01 22:44:19','2015-02-01 22:44:19'),(556,6,'20150201145801grupom1.jpg','',0,'2015-02-01 22:44:35','2015-02-01 22:44:35'),(557,6,'20150201145801grupom2.jpg','',1,'2015-02-01 22:44:35','2015-02-01 22:44:35'),(558,6,'20150201145801grupom3.jpg','',2,'2015-02-01 22:44:35','2015-02-01 22:44:35'),(559,33,'20150201150504max1.jpg','',0,'2015-02-01 22:44:52','2015-02-01 22:44:52'),(560,33,'20150201150504max2.jpg','',1,'2015-02-01 22:44:52','2015-02-01 22:44:52'),(561,33,'20150201150504max3.jpg','',2,'2015-02-01 22:44:52','2015-02-01 22:44:52'),(566,28,'20150201151929iph1.jpg','',0,'2015-02-01 22:45:31','2015-02-01 22:45:31'),(567,28,'20150201151929iph2.jpg','',1,'2015-02-01 22:45:31','2015-02-01 22:45:31'),(568,28,'20150201151929iph3.jpg','',2,'2015-02-01 22:45:31','2015-02-01 22:45:31'),(569,54,'20150201142211master1.jpg','',0,'2015-02-01 22:45:58','2015-02-01 22:45:58'),(570,54,'20150201142211master2.jpg','',1,'2015-02-01 22:45:58','2015-02-01 22:45:58'),(571,54,'20150201142211master3.jpg','',2,'2015-02-01 22:45:58','2015-02-01 22:45:58'),(572,54,'20150129131048cartao-master.jpg','',3,'2015-02-01 22:45:58','2015-02-01 22:45:58'),(573,59,'20150201163419slide-lola.jpg','',0,'2015-02-01 22:48:22','2015-02-01 22:48:22'),(574,51,'20150201140703caico2.jpg','',0,'2015-02-01 22:48:37','2015-02-01 22:48:37'),(575,51,'20150201140703caico1.jpg','',1,'2015-02-01 22:48:37','2015-02-01 22:48:37'),(576,51,'20150201140703caico3.jpg','',2,'2015-02-01 22:48:37','2015-02-01 22:48:37'),(577,30,'20150122180246Imac1web.jpg','',0,'2015-02-01 22:49:10','2015-02-01 22:49:10'),(582,18,'20150201151134south1.jpg','',0,'2015-02-01 22:51:17','2015-02-01 22:51:17'),(583,18,'20150201151134south2.jpg','',1,'2015-02-01 22:51:17','2015-02-01 22:51:17'),(584,18,'20150201151134south3.jpg','',2,'2015-02-01 22:51:17','2015-02-01 22:51:17'),(585,18,'20150122123114cartao-south.jpg','',3,'2015-02-01 22:51:17','2015-02-01 22:51:17'),(586,22,'20150121132543capa-loja1.jpg','',0,'2015-02-01 22:51:39','2015-02-01 22:51:39'),(587,22,'20150121132212layout1.jpg','',1,'2015-02-01 22:51:39','2015-02-01 22:51:39'),(588,22,'20150121132212layout2.jpg','',2,'2015-02-01 22:51:39','2015-02-01 22:51:39'),(589,22,'20150121132213layout3.jpg','',3,'2015-02-01 22:51:39','2015-02-01 22:51:39'),(590,21,'20150121130941teste3.jpg','',0,'2015-02-01 22:52:19','2015-02-01 22:52:19'),(591,21,'20150121130925primeiraPagina-nossacozinha.png','',1,'2015-02-01 22:52:20','2015-02-01 22:52:20'),(592,21,'20150121130236cozinha3.jpg','',2,'2015-02-01 22:52:20','2015-02-01 22:52:20'),(593,21,'20150121130239cozinha4.jpg','',3,'2015-02-01 22:52:20','2015-02-01 22:52:20'),(594,58,'20150201153144potenza1.jpg','',0,'2015-02-01 22:59:38','2015-02-01 22:59:38'),(595,58,'20150201153144potenza2.jpg','',1,'2015-02-01 22:59:38','2015-02-01 22:59:38'),(596,58,'20150201153144potenza3.jpg','',2,'2015-02-01 22:59:38','2015-02-01 22:59:38'),(597,64,'20150201210604renato1.jpg','',0,'2015-02-01 23:06:10','2015-02-01 23:06:10'),(598,64,'20150201210604renato2.jpg','',1,'2015-02-01 23:06:10','2015-02-01 23:06:10'),(599,64,'20150201210604renato3.jpg','',2,'2015-02-01 23:06:10','2015-02-01 23:06:10'),(600,65,'20150201212034versus1.jpg','',0,'2015-02-01 23:20:40','2015-02-01 23:20:40'),(601,65,'20150201212034versus2.jpg','',1,'2015-02-01 23:20:40','2015-02-01 23:20:40'),(602,65,'20150201212034versus3.jpg','',2,'2015-02-01 23:20:40','2015-02-01 23:20:40'),(606,66,'20150201212606full1.jpg','',0,'2015-02-01 23:26:41','2015-02-01 23:26:41'),(607,66,'20150201212606full2.jpg','',1,'2015-02-01 23:26:41','2015-02-01 23:26:41'),(608,66,'20150201212606full3.jpg','',2,'2015-02-01 23:26:41','2015-02-01 23:26:41'),(609,9,'201501191642243.jpg','',0,'2015-02-04 15:18:44','2015-02-04 15:18:44'),(610,9,'201501191642242.jpg','',1,'2015-02-04 15:18:44','2015-02-04 15:18:44'),(611,9,'201501191643234.jpg','',2,'2015-02-04 15:18:44','2015-02-04 15:18:44'),(612,45,'20150123165332slide-kufa.jpg','',0,'2015-02-05 15:01:12','2015-02-05 15:01:12'),(613,45,'20150123164801kufa1.png','',1,'2015-02-05 15:01:12','2015-02-05 15:01:12'),(614,45,'20150123172528kufa22.png','',2,'2015-02-05 15:01:12','2015-02-05 15:01:12');
/*!40000 ALTER TABLE `trabalhos_imagens` ENABLE KEYS */;
UNLOCK TABLES;

--
-- Table structure for table `usuarios`
--

DROP TABLE IF EXISTS `usuarios`;
/*!40101 SET @saved_cs_client     = @@character_set_client */;
/*!40101 SET character_set_client = utf8 */;
CREATE TABLE `usuarios` (
  `id` int(10) unsigned NOT NULL AUTO_INCREMENT,
  `email` varchar(255) COLLATE utf8_unicode_ci NOT NULL,
  `username` varchar(255) COLLATE utf8_unicode_ci NOT NULL,
  `password` varchar(255) COLLATE utf8_unicode_ci NOT NULL,
  `remember_token` varchar(255) COLLATE utf8_unicode_ci NOT NULL,
  `created_at` timestamp NOT NULL DEFAULT '0000-00-00 00:00:00',
  `updated_at` timestamp NOT NULL DEFAULT '0000-00-00 00:00:00',
  PRIMARY KEY (`id`)
) ENGINE=InnoDB AUTO_INCREMENT=2 DEFAULT CHARSET=utf8 COLLATE=utf8_unicode_ci;
/*!40101 SET character_set_client = @saved_cs_client */;

--
-- Dumping data for table `usuarios`
--

LOCK TABLES `usuarios` WRITE;
/*!40000 ALTER TABLE `usuarios` DISABLE KEYS */;
INSERT INTO `usuarios` VALUES (1,'contato@trupe.net','trupe','$2y$10$BMyZn1m6mZ7WoxvtsN9QvOi28LUF8q9QC2T5xdL9.pt4q4Dszjp1m','','0000-00-00 00:00:00','0000-00-00 00:00:00');
/*!40000 ALTER TABLE `usuarios` ENABLE KEYS */;
UNLOCK TABLES;
/*!40103 SET TIME_ZONE=@OLD_TIME_ZONE */;

/*!40101 SET SQL_MODE=@OLD_SQL_MODE */;
/*!40014 SET FOREIGN_KEY_CHECKS=@OLD_FOREIGN_KEY_CHECKS */;
/*!40014 SET UNIQUE_CHECKS=@OLD_UNIQUE_CHECKS */;
/*!40101 SET CHARACTER_SET_CLIENT=@OLD_CHARACTER_SET_CLIENT */;
/*!40101 SET CHARACTER_SET_RESULTS=@OLD_CHARACTER_SET_RESULTS */;
/*!40101 SET COLLATION_CONNECTION=@OLD_COLLATION_CONNECTION */;
/*!40111 SET SQL_NOTES=@OLD_SQL_NOTES */;

-- Dump completed on 2015-02-05 18:08:07
